data/contest/train_rgbs/RGB_0_1.tif,data/contest/train_heights/DSM_0_1.tif
data/contest/train_rgbs/RGB_0_10.tif,data/contest/train_heights/DSM_0_10.tif
data/contest/train_rgbs/RGB_0_11.tif,data/contest/train_heights/DSM_0_11.tif
data/contest/train_rgbs/RGB_0_13.tif,data/contest/train_heights/DSM_0_13.tif
data/contest/train_rgbs/RGB_0_14.tif,data/contest/train_heights/DSM_0_14.tif
data/contest/train_rgbs/RGB_0_15.tif,data/contest/train_heights/DSM_0_15.tif
data/contest/train_rgbs/RGB_0_16.tif,data/contest/train_heights/DSM_0_16.tif
data/contest/train_rgbs/RGB_0_17.tif,data/contest/train_heights/DSM_0_17.tif
data/contest/train_rgbs/RGB_0_18.tif,data/contest/train_heights/DSM_0_18.tif
data/contest/train_rgbs/RGB_0_19.tif,data/contest/train_heights/DSM_0_19.tif
data/contest/train_rgbs/RGB_0_2.tif,data/contest/train_heights/DSM_0_2.tif
data/contest/train_rgbs/RGB_0_3.tif,data/contest/train_heights/DSM_0_3.tif
data/contest/train_rgbs/RGB_0_4.tif,data/contest/train_heights/DSM_0_4.tif
data/contest/train_rgbs/RGB_0_6.tif,data/contest/train_heights/DSM_0_6.tif
data/contest/train_rgbs/RGB_0_7.tif,data/contest/train_heights/DSM_0_7.tif
data/contest/train_rgbs/RGB_0_8.tif,data/contest/train_heights/DSM_0_8.tif
data/contest/train_rgbs/RGB_0_9.tif,data/contest/train_heights/DSM_0_9.tif
data/contest/train_rgbs/RGB_10_0.tif,data/contest/train_heights/DSM_10_0.tif
data/contest/train_rgbs/RGB_10_1.tif,data/contest/train_heights/DSM_10_1.tif
data/contest/train_rgbs/RGB_10_10.tif,data/contest/train_heights/DSM_10_10.tif
data/contest/train_rgbs/RGB_10_11.tif,data/contest/train_heights/DSM_10_11.tif
data/contest/train_rgbs/RGB_10_12.tif,data/contest/train_heights/DSM_10_12.tif
data/contest/train_rgbs/RGB_10_13.tif,data/contest/train_heights/DSM_10_13.tif
data/contest/train_rgbs/RGB_10_14.tif,data/contest/train_heights/DSM_10_14.tif
data/contest/train_rgbs/RGB_10_15.tif,data/contest/train_heights/DSM_10_15.tif
data/contest/train_rgbs/RGB_10_16.tif,data/contest/train_heights/DSM_10_16.tif
data/contest/train_rgbs/RGB_10_17.tif,data/contest/train_heights/DSM_10_17.tif
data/contest/train_rgbs/RGB_10_18.tif,data/contest/train_heights/DSM_10_18.tif
data/contest/train_rgbs/RGB_10_19.tif,data/contest/train_heights/DSM_10_19.tif
data/contest/train_rgbs/RGB_10_3.tif,data/contest/train_heights/DSM_10_3.tif
data/contest/train_rgbs/RGB_10_4.tif,data/contest/train_heights/DSM_10_4.tif
data/contest/train_rgbs/RGB_10_5.tif,data/contest/train_heights/DSM_10_5.tif
data/contest/train_rgbs/RGB_10_6.tif,data/contest/train_heights/DSM_10_6.tif
data/contest/train_rgbs/RGB_10_8.tif,data/contest/train_heights/DSM_10_8.tif
data/contest/train_rgbs/RGB_10_9.tif,data/contest/train_heights/DSM_10_9.tif
data/contest/train_rgbs/RGB_11_0.tif,data/contest/train_heights/DSM_11_0.tif
data/contest/train_rgbs/RGB_11_1.tif,data/contest/train_heights/DSM_11_1.tif
data/contest/train_rgbs/RGB_11_11.tif,data/contest/train_heights/DSM_11_11.tif
data/contest/train_rgbs/RGB_11_12.tif,data/contest/train_heights/DSM_11_12.tif
data/contest/train_rgbs/RGB_11_13.tif,data/contest/train_heights/DSM_11_13.tif
data/contest/train_rgbs/RGB_11_15.tif,data/contest/train_heights/DSM_11_15.tif
data/contest/train_rgbs/RGB_11_17.tif,data/contest/train_heights/DSM_11_17.tif
data/contest/train_rgbs/RGB_11_18.tif,data/contest/train_heights/DSM_11_18.tif
data/contest/train_rgbs/RGB_11_2.tif,data/contest/train_heights/DSM_11_2.tif
data/contest/train_rgbs/RGB_11_3.tif,data/contest/train_heights/DSM_11_3.tif
data/contest/train_rgbs/RGB_11_4.tif,data/contest/train_heights/DSM_11_4.tif
data/contest/train_rgbs/RGB_11_6.tif,data/contest/train_heights/DSM_11_6.tif
data/contest/train_rgbs/RGB_11_7.tif,data/contest/train_heights/DSM_11_7.tif
data/contest/train_rgbs/RGB_11_8.tif,data/contest/train_heights/DSM_11_8.tif
data/contest/train_rgbs/RGB_11_9.tif,data/contest/train_heights/DSM_11_9.tif
data/contest/train_rgbs/RGB_12_0.tif,data/contest/train_heights/DSM_12_0.tif
data/contest/train_rgbs/RGB_12_1.tif,data/contest/train_heights/DSM_12_1.tif
data/contest/train_rgbs/RGB_12_10.tif,data/contest/train_heights/DSM_12_10.tif
data/contest/train_rgbs/RGB_12_12.tif,data/contest/train_heights/DSM_12_12.tif
data/contest/train_rgbs/RGB_12_13.tif,data/contest/train_heights/DSM_12_13.tif
data/contest/train_rgbs/RGB_12_14.tif,data/contest/train_heights/DSM_12_14.tif
data/contest/train_rgbs/RGB_12_15.tif,data/contest/train_heights/DSM_12_15.tif
data/contest/train_rgbs/RGB_12_16.tif,data/contest/train_heights/DSM_12_16.tif
data/contest/train_rgbs/RGB_12_17.tif,data/contest/train_heights/DSM_12_17.tif
data/contest/train_rgbs/RGB_12_18.tif,data/contest/train_heights/DSM_12_18.tif
data/contest/train_rgbs/RGB_12_2.tif,data/contest/train_heights/DSM_12_2.tif
data/contest/train_rgbs/RGB_12_4.tif,data/contest/train_heights/DSM_12_4.tif
data/contest/train_rgbs/RGB_12_5.tif,data/contest/train_heights/DSM_12_5.tif
data/contest/train_rgbs/RGB_12_8.tif,data/contest/train_heights/DSM_12_8.tif
data/contest/train_rgbs/RGB_12_9.tif,data/contest/train_heights/DSM_12_9.tif
data/contest/train_rgbs/RGB_13_0.tif,data/contest/train_heights/DSM_13_0.tif
data/contest/train_rgbs/RGB_13_11.tif,data/contest/train_heights/DSM_13_11.tif
data/contest/train_rgbs/RGB_13_12.tif,data/contest/train_heights/DSM_13_12.tif
data/contest/train_rgbs/RGB_13_13.tif,data/contest/train_heights/DSM_13_13.tif
data/contest/train_rgbs/RGB_13_14.tif,data/contest/train_heights/DSM_13_14.tif
data/contest/train_rgbs/RGB_13_15.tif,data/contest/train_heights/DSM_13_15.tif
data/contest/train_rgbs/RGB_13_16.tif,data/contest/train_heights/DSM_13_16.tif
data/contest/train_rgbs/RGB_13_17.tif,data/contest/train_heights/DSM_13_17.tif
data/contest/train_rgbs/RGB_13_18.tif,data/contest/train_heights/DSM_13_18.tif
data/contest/train_rgbs/RGB_13_19.tif,data/contest/train_heights/DSM_13_19.tif
data/contest/train_rgbs/RGB_13_2.tif,data/contest/train_heights/DSM_13_2.tif
data/contest/train_rgbs/RGB_13_3.tif,data/contest/train_heights/DSM_13_3.tif
data/contest/train_rgbs/RGB_13_7.tif,data/contest/train_heights/DSM_13_7.tif
data/contest/train_rgbs/RGB_13_8.tif,data/contest/train_heights/DSM_13_8.tif
data/contest/train_rgbs/RGB_13_9.tif,data/contest/train_heights/DSM_13_9.tif
data/contest/train_rgbs/RGB_14_0.tif,data/contest/train_heights/DSM_14_0.tif
data/contest/train_rgbs/RGB_14_1.tif,data/contest/train_heights/DSM_14_1.tif
data/contest/train_rgbs/RGB_14_10.tif,data/contest/train_heights/DSM_14_10.tif
data/contest/train_rgbs/RGB_14_11.tif,data/contest/train_heights/DSM_14_11.tif
data/contest/train_rgbs/RGB_14_13.tif,data/contest/train_heights/DSM_14_13.tif
data/contest/train_rgbs/RGB_14_14.tif,data/contest/train_heights/DSM_14_14.tif
data/contest/train_rgbs/RGB_14_17.tif,data/contest/train_heights/DSM_14_17.tif
data/contest/train_rgbs/RGB_14_18.tif,data/contest/train_heights/DSM_14_18.tif
data/contest/train_rgbs/RGB_14_19.tif,data/contest/train_heights/DSM_14_19.tif
data/contest/train_rgbs/RGB_14_2.tif,data/contest/train_heights/DSM_14_2.tif
data/contest/train_rgbs/RGB_14_3.tif,data/contest/train_heights/DSM_14_3.tif
data/contest/train_rgbs/RGB_14_4.tif,data/contest/train_heights/DSM_14_4.tif
data/contest/train_rgbs/RGB_14_5.tif,data/contest/train_heights/DSM_14_5.tif
data/contest/train_rgbs/RGB_14_6.tif,data/contest/train_heights/DSM_14_6.tif
data/contest/train_rgbs/RGB_15_0.tif,data/contest/train_heights/DSM_15_0.tif
data/contest/train_rgbs/RGB_15_10.tif,data/contest/train_heights/DSM_15_10.tif
data/contest/train_rgbs/RGB_15_11.tif,data/contest/train_heights/DSM_15_11.tif
data/contest/train_rgbs/RGB_15_12.tif,data/contest/train_heights/DSM_15_12.tif
data/contest/train_rgbs/RGB_15_13.tif,data/contest/train_heights/DSM_15_13.tif
data/contest/train_rgbs/RGB_15_15.tif,data/contest/train_heights/DSM_15_15.tif
data/contest/train_rgbs/RGB_15_17.tif,data/contest/train_heights/DSM_15_17.tif
data/contest/train_rgbs/RGB_15_18.tif,data/contest/train_heights/DSM_15_18.tif
data/contest/train_rgbs/RGB_15_19.tif,data/contest/train_heights/DSM_15_19.tif
data/contest/train_rgbs/RGB_15_2.tif,data/contest/train_heights/DSM_15_2.tif
data/contest/train_rgbs/RGB_15_3.tif,data/contest/train_heights/DSM_15_3.tif
data/contest/train_rgbs/RGB_15_4.tif,data/contest/train_heights/DSM_15_4.tif
data/contest/train_rgbs/RGB_15_5.tif,data/contest/train_heights/DSM_15_5.tif
data/contest/train_rgbs/RGB_15_7.tif,data/contest/train_heights/DSM_15_7.tif
data/contest/train_rgbs/RGB_15_8.tif,data/contest/train_heights/DSM_15_8.tif
data/contest/train_rgbs/RGB_15_9.tif,data/contest/train_heights/DSM_15_9.tif
data/contest/train_rgbs/RGB_16_0.tif,data/contest/train_heights/DSM_16_0.tif
data/contest/train_rgbs/RGB_16_1.tif,data/contest/train_heights/DSM_16_1.tif
data/contest/train_rgbs/RGB_16_10.tif,data/contest/train_heights/DSM_16_10.tif
data/contest/train_rgbs/RGB_16_11.tif,data/contest/train_heights/DSM_16_11.tif
data/contest/train_rgbs/RGB_16_12.tif,data/contest/train_heights/DSM_16_12.tif
data/contest/train_rgbs/RGB_16_13.tif,data/contest/train_heights/DSM_16_13.tif
data/contest/train_rgbs/RGB_16_14.tif,data/contest/train_heights/DSM_16_14.tif
data/contest/train_rgbs/RGB_16_16.tif,data/contest/train_heights/DSM_16_16.tif
data/contest/train_rgbs/RGB_16_17.tif,data/contest/train_heights/DSM_16_17.tif
data/contest/train_rgbs/RGB_16_18.tif,data/contest/train_heights/DSM_16_18.tif
data/contest/train_rgbs/RGB_16_19.tif,data/contest/train_heights/DSM_16_19.tif
data/contest/train_rgbs/RGB_16_2.tif,data/contest/train_heights/DSM_16_2.tif
data/contest/train_rgbs/RGB_16_5.tif,data/contest/train_heights/DSM_16_5.tif
data/contest/train_rgbs/RGB_16_6.tif,data/contest/train_heights/DSM_16_6.tif
data/contest/train_rgbs/RGB_16_8.tif,data/contest/train_heights/DSM_16_8.tif
data/contest/train_rgbs/RGB_16_9.tif,data/contest/train_heights/DSM_16_9.tif
data/contest/train_rgbs/RGB_17_1.tif,data/contest/train_heights/DSM_17_1.tif
data/contest/train_rgbs/RGB_17_11.tif,data/contest/train_heights/DSM_17_11.tif
data/contest/train_rgbs/RGB_17_13.tif,data/contest/train_heights/DSM_17_13.tif
data/contest/train_rgbs/RGB_17_14.tif,data/contest/train_heights/DSM_17_14.tif
data/contest/train_rgbs/RGB_17_15.tif,data/contest/train_heights/DSM_17_15.tif
data/contest/train_rgbs/RGB_17_16.tif,data/contest/train_heights/DSM_17_16.tif
data/contest/train_rgbs/RGB_17_17.tif,data/contest/train_heights/DSM_17_17.tif
data/contest/train_rgbs/RGB_17_18.tif,data/contest/train_heights/DSM_17_18.tif
data/contest/train_rgbs/RGB_17_19.tif,data/contest/train_heights/DSM_17_19.tif
data/contest/train_rgbs/RGB_17_2.tif,data/contest/train_heights/DSM_17_2.tif
data/contest/train_rgbs/RGB_17_5.tif,data/contest/train_heights/DSM_17_5.tif
data/contest/train_rgbs/RGB_17_7.tif,data/contest/train_heights/DSM_17_7.tif
data/contest/train_rgbs/RGB_17_8.tif,data/contest/train_heights/DSM_17_8.tif
data/contest/train_rgbs/RGB_17_9.tif,data/contest/train_heights/DSM_17_9.tif
data/contest/train_rgbs/RGB_18_0.tif,data/contest/train_heights/DSM_18_0.tif
data/contest/train_rgbs/RGB_18_1.tif,data/contest/train_heights/DSM_18_1.tif
data/contest/train_rgbs/RGB_18_11.tif,data/contest/train_heights/DSM_18_11.tif
data/contest/train_rgbs/RGB_18_12.tif,data/contest/train_heights/DSM_18_12.tif
data/contest/train_rgbs/RGB_18_13.tif,data/contest/train_heights/DSM_18_13.tif
data/contest/train_rgbs/RGB_18_14.tif,data/contest/train_heights/DSM_18_14.tif
data/contest/train_rgbs/RGB_18_16.tif,data/contest/train_heights/DSM_18_16.tif
data/contest/train_rgbs/RGB_18_17.tif,data/contest/train_heights/DSM_18_17.tif
data/contest/train_rgbs/RGB_18_18.tif,data/contest/train_heights/DSM_18_18.tif
data/contest/train_rgbs/RGB_18_19.tif,data/contest/train_heights/DSM_18_19.tif
data/contest/train_rgbs/RGB_18_2.tif,data/contest/train_heights/DSM_18_2.tif
data/contest/train_rgbs/RGB_18_4.tif,data/contest/train_heights/DSM_18_4.tif
data/contest/train_rgbs/RGB_18_6.tif,data/contest/train_heights/DSM_18_6.tif
data/contest/train_rgbs/RGB_18_7.tif,data/contest/train_heights/DSM_18_7.tif
data/contest/train_rgbs/RGB_18_8.tif,data/contest/train_heights/DSM_18_8.tif
data/contest/train_rgbs/RGB_19_0.tif,data/contest/train_heights/DSM_19_0.tif
data/contest/train_rgbs/RGB_19_1.tif,data/contest/train_heights/DSM_19_1.tif
data/contest/train_rgbs/RGB_19_10.tif,data/contest/train_heights/DSM_19_10.tif
data/contest/train_rgbs/RGB_19_11.tif,data/contest/train_heights/DSM_19_11.tif
data/contest/train_rgbs/RGB_19_12.tif,data/contest/train_heights/DSM_19_12.tif
data/contest/train_rgbs/RGB_19_13.tif,data/contest/train_heights/DSM_19_13.tif
data/contest/train_rgbs/RGB_19_16.tif,data/contest/train_heights/DSM_19_16.tif
data/contest/train_rgbs/RGB_19_17.tif,data/contest/train_heights/DSM_19_17.tif
data/contest/train_rgbs/RGB_19_18.tif,data/contest/train_heights/DSM_19_18.tif
data/contest/train_rgbs/RGB_19_19.tif,data/contest/train_heights/DSM_19_19.tif
data/contest/train_rgbs/RGB_19_2.tif,data/contest/train_heights/DSM_19_2.tif
data/contest/train_rgbs/RGB_19_3.tif,data/contest/train_heights/DSM_19_3.tif
data/contest/train_rgbs/RGB_19_4.tif,data/contest/train_heights/DSM_19_4.tif
data/contest/train_rgbs/RGB_19_7.tif,data/contest/train_heights/DSM_19_7.tif
data/contest/train_rgbs/RGB_19_8.tif,data/contest/train_heights/DSM_19_8.tif
data/contest/train_rgbs/RGB_19_9.tif,data/contest/train_heights/DSM_19_9.tif
data/contest/train_rgbs/RGB_1_0.tif,data/contest/train_heights/DSM_1_0.tif
data/contest/train_rgbs/RGB_1_1.tif,data/contest/train_heights/DSM_1_1.tif
data/contest/train_rgbs/RGB_1_11.tif,data/contest/train_heights/DSM_1_11.tif
data/contest/train_rgbs/RGB_1_12.tif,data/contest/train_heights/DSM_1_12.tif
data/contest/train_rgbs/RGB_1_13.tif,data/contest/train_heights/DSM_1_13.tif
data/contest/train_rgbs/RGB_1_14.tif,data/contest/train_heights/DSM_1_14.tif
data/contest/train_rgbs/RGB_1_15.tif,data/contest/train_heights/DSM_1_15.tif
data/contest/train_rgbs/RGB_1_17.tif,data/contest/train_heights/DSM_1_17.tif
data/contest/train_rgbs/RGB_1_19.tif,data/contest/train_heights/DSM_1_19.tif
data/contest/train_rgbs/RGB_1_3.tif,data/contest/train_heights/DSM_1_3.tif
data/contest/train_rgbs/RGB_1_4.tif,data/contest/train_heights/DSM_1_4.tif
data/contest/train_rgbs/RGB_1_5.tif,data/contest/train_heights/DSM_1_5.tif
data/contest/train_rgbs/RGB_1_6.tif,data/contest/train_heights/DSM_1_6.tif
data/contest/train_rgbs/RGB_1_9.tif,data/contest/train_heights/DSM_1_9.tif
data/contest/train_rgbs/RGB_20_1.tif,data/contest/train_heights/DSM_20_1.tif
data/contest/train_rgbs/RGB_20_10.tif,data/contest/train_heights/DSM_20_10.tif
data/contest/train_rgbs/RGB_20_13.tif,data/contest/train_heights/DSM_20_13.tif
data/contest/train_rgbs/RGB_20_14.tif,data/contest/train_heights/DSM_20_14.tif
data/contest/train_rgbs/RGB_20_15.tif,data/contest/train_heights/DSM_20_15.tif
data/contest/train_rgbs/RGB_20_17.tif,data/contest/train_heights/DSM_20_17.tif
data/contest/train_rgbs/RGB_20_18.tif,data/contest/train_heights/DSM_20_18.tif
data/contest/train_rgbs/RGB_20_19.tif,data/contest/train_heights/DSM_20_19.tif
data/contest/train_rgbs/RGB_20_2.tif,data/contest/train_heights/DSM_20_2.tif
data/contest/train_rgbs/RGB_20_3.tif,data/contest/train_heights/DSM_20_3.tif
data/contest/train_rgbs/RGB_20_4.tif,data/contest/train_heights/DSM_20_4.tif
data/contest/train_rgbs/RGB_20_5.tif,data/contest/train_heights/DSM_20_5.tif
data/contest/train_rgbs/RGB_20_7.tif,data/contest/train_heights/DSM_20_7.tif
data/contest/train_rgbs/RGB_20_8.tif,data/contest/train_heights/DSM_20_8.tif
data/contest/train_rgbs/RGB_20_9.tif,data/contest/train_heights/DSM_20_9.tif
data/contest/train_rgbs/RGB_21_0.tif,data/contest/train_heights/DSM_21_0.tif
data/contest/train_rgbs/RGB_21_1.tif,data/contest/train_heights/DSM_21_1.tif
data/contest/train_rgbs/RGB_21_10.tif,data/contest/train_heights/DSM_21_10.tif
data/contest/train_rgbs/RGB_21_11.tif,data/contest/train_heights/DSM_21_11.tif
data/contest/train_rgbs/RGB_21_12.tif,data/contest/train_heights/DSM_21_12.tif
data/contest/train_rgbs/RGB_21_13.tif,data/contest/train_heights/DSM_21_13.tif
data/contest/train_rgbs/RGB_21_14.tif,data/contest/train_heights/DSM_21_14.tif
data/contest/train_rgbs/RGB_21_15.tif,data/contest/train_heights/DSM_21_15.tif
data/contest/train_rgbs/RGB_21_16.tif,data/contest/train_heights/DSM_21_16.tif
data/contest/train_rgbs/RGB_21_17.tif,data/contest/train_heights/DSM_21_17.tif
data/contest/train_rgbs/RGB_21_19.tif,data/contest/train_heights/DSM_21_19.tif
data/contest/train_rgbs/RGB_21_2.tif,data/contest/train_heights/DSM_21_2.tif
data/contest/train_rgbs/RGB_21_3.tif,data/contest/train_heights/DSM_21_3.tif
data/contest/train_rgbs/RGB_21_4.tif,data/contest/train_heights/DSM_21_4.tif
data/contest/train_rgbs/RGB_21_5.tif,data/contest/train_heights/DSM_21_5.tif
data/contest/train_rgbs/RGB_21_6.tif,data/contest/train_heights/DSM_21_6.tif
data/contest/train_rgbs/RGB_21_7.tif,data/contest/train_heights/DSM_21_7.tif
data/contest/train_rgbs/RGB_21_8.tif,data/contest/train_heights/DSM_21_8.tif
data/contest/train_rgbs/RGB_21_9.tif,data/contest/train_heights/DSM_21_9.tif
data/contest/train_rgbs/RGB_22_0.tif,data/contest/train_heights/DSM_22_0.tif
data/contest/train_rgbs/RGB_22_10.tif,data/contest/train_heights/DSM_22_10.tif
data/contest/train_rgbs/RGB_22_11.tif,data/contest/train_heights/DSM_22_11.tif
data/contest/train_rgbs/RGB_22_12.tif,data/contest/train_heights/DSM_22_12.tif
data/contest/train_rgbs/RGB_22_13.tif,data/contest/train_heights/DSM_22_13.tif
data/contest/train_rgbs/RGB_22_14.tif,data/contest/train_heights/DSM_22_14.tif
data/contest/train_rgbs/RGB_22_15.tif,data/contest/train_heights/DSM_22_15.tif
data/contest/train_rgbs/RGB_22_16.tif,data/contest/train_heights/DSM_22_16.tif
data/contest/train_rgbs/RGB_22_19.tif,data/contest/train_heights/DSM_22_19.tif
data/contest/train_rgbs/RGB_22_2.tif,data/contest/train_heights/DSM_22_2.tif
data/contest/train_rgbs/RGB_22_4.tif,data/contest/train_heights/DSM_22_4.tif
data/contest/train_rgbs/RGB_22_6.tif,data/contest/train_heights/DSM_22_6.tif
data/contest/train_rgbs/RGB_22_8.tif,data/contest/train_heights/DSM_22_8.tif
data/contest/train_rgbs/RGB_22_9.tif,data/contest/train_heights/DSM_22_9.tif
data/contest/train_rgbs/RGB_23_0.tif,data/contest/train_heights/DSM_23_0.tif
data/contest/train_rgbs/RGB_23_1.tif,data/contest/train_heights/DSM_23_1.tif
data/contest/train_rgbs/RGB_23_11.tif,data/contest/train_heights/DSM_23_11.tif
data/contest/train_rgbs/RGB_23_12.tif,data/contest/train_heights/DSM_23_12.tif
data/contest/train_rgbs/RGB_23_13.tif,data/contest/train_heights/DSM_23_13.tif
data/contest/train_rgbs/RGB_23_14.tif,data/contest/train_heights/DSM_23_14.tif
data/contest/train_rgbs/RGB_23_15.tif,data/contest/train_heights/DSM_23_15.tif
data/contest/train_rgbs/RGB_23_16.tif,data/contest/train_heights/DSM_23_16.tif
data/contest/train_rgbs/RGB_23_17.tif,data/contest/train_heights/DSM_23_17.tif
data/contest/train_rgbs/RGB_23_2.tif,data/contest/train_heights/DSM_23_2.tif
data/contest/train_rgbs/RGB_23_3.tif,data/contest/train_heights/DSM_23_3.tif
data/contest/train_rgbs/RGB_23_4.tif,data/contest/train_heights/DSM_23_4.tif
data/contest/train_rgbs/RGB_23_5.tif,data/contest/train_heights/DSM_23_5.tif
data/contest/train_rgbs/RGB_23_7.tif,data/contest/train_heights/DSM_23_7.tif
data/contest/train_rgbs/RGB_23_8.tif,data/contest/train_heights/DSM_23_8.tif
data/contest/train_rgbs/RGB_23_9.tif,data/contest/train_heights/DSM_23_9.tif
data/contest/train_rgbs/RGB_24_0.tif,data/contest/train_heights/DSM_24_0.tif
data/contest/train_rgbs/RGB_24_10.tif,data/contest/train_heights/DSM_24_10.tif
data/contest/train_rgbs/RGB_24_11.tif,data/contest/train_heights/DSM_24_11.tif
data/contest/train_rgbs/RGB_24_12.tif,data/contest/train_heights/DSM_24_12.tif
data/contest/train_rgbs/RGB_24_13.tif,data/contest/train_heights/DSM_24_13.tif
data/contest/train_rgbs/RGB_24_15.tif,data/contest/train_heights/DSM_24_15.tif
data/contest/train_rgbs/RGB_24_16.tif,data/contest/train_heights/DSM_24_16.tif
data/contest/train_rgbs/RGB_24_17.tif,data/contest/train_heights/DSM_24_17.tif
data/contest/train_rgbs/RGB_24_18.tif,data/contest/train_heights/DSM_24_18.tif
data/contest/train_rgbs/RGB_24_19.tif,data/contest/train_heights/DSM_24_19.tif
data/contest/train_rgbs/RGB_24_2.tif,data/contest/train_heights/DSM_24_2.tif
data/contest/train_rgbs/RGB_24_3.tif,data/contest/train_heights/DSM_24_3.tif
data/contest/train_rgbs/RGB_24_4.tif,data/contest/train_heights/DSM_24_4.tif
data/contest/train_rgbs/RGB_24_5.tif,data/contest/train_heights/DSM_24_5.tif
data/contest/train_rgbs/RGB_24_6.tif,data/contest/train_heights/DSM_24_6.tif
data/contest/train_rgbs/RGB_24_7.tif,data/contest/train_heights/DSM_24_7.tif
data/contest/train_rgbs/RGB_24_8.tif,data/contest/train_heights/DSM_24_8.tif
data/contest/train_rgbs/RGB_25_0.tif,data/contest/train_heights/DSM_25_0.tif
data/contest/train_rgbs/RGB_25_1.tif,data/contest/train_heights/DSM_25_1.tif
data/contest/train_rgbs/RGB_25_11.tif,data/contest/train_heights/DSM_25_11.tif
data/contest/train_rgbs/RGB_25_13.tif,data/contest/train_heights/DSM_25_13.tif
data/contest/train_rgbs/RGB_25_14.tif,data/contest/train_heights/DSM_25_14.tif
data/contest/train_rgbs/RGB_25_15.tif,data/contest/train_heights/DSM_25_15.tif
data/contest/train_rgbs/RGB_25_16.tif,data/contest/train_heights/DSM_25_16.tif
data/contest/train_rgbs/RGB_25_17.tif,data/contest/train_heights/DSM_25_17.tif
data/contest/train_rgbs/RGB_25_19.tif,data/contest/train_heights/DSM_25_19.tif
data/contest/train_rgbs/RGB_25_2.tif,data/contest/train_heights/DSM_25_2.tif
data/contest/train_rgbs/RGB_25_3.tif,data/contest/train_heights/DSM_25_3.tif
data/contest/train_rgbs/RGB_25_4.tif,data/contest/train_heights/DSM_25_4.tif
data/contest/train_rgbs/RGB_25_5.tif,data/contest/train_heights/DSM_25_5.tif
data/contest/train_rgbs/RGB_25_6.tif,data/contest/train_heights/DSM_25_6.tif
data/contest/train_rgbs/RGB_25_7.tif,data/contest/train_heights/DSM_25_7.tif
data/contest/train_rgbs/RGB_25_8.tif,data/contest/train_heights/DSM_25_8.tif
data/contest/train_rgbs/RGB_25_9.tif,data/contest/train_heights/DSM_25_9.tif
data/contest/train_rgbs/RGB_26_0.tif,data/contest/train_heights/DSM_26_0.tif
data/contest/train_rgbs/RGB_26_1.tif,data/contest/train_heights/DSM_26_1.tif
data/contest/train_rgbs/RGB_26_10.tif,data/contest/train_heights/DSM_26_10.tif
data/contest/train_rgbs/RGB_26_11.tif,data/contest/train_heights/DSM_26_11.tif
data/contest/train_rgbs/RGB_26_13.tif,data/contest/train_heights/DSM_26_13.tif
data/contest/train_rgbs/RGB_26_15.tif,data/contest/train_heights/DSM_26_15.tif
data/contest/train_rgbs/RGB_26_16.tif,data/contest/train_heights/DSM_26_16.tif
data/contest/train_rgbs/RGB_26_17.tif,data/contest/train_heights/DSM_26_17.tif
data/contest/train_rgbs/RGB_26_18.tif,data/contest/train_heights/DSM_26_18.tif
data/contest/train_rgbs/RGB_26_2.tif,data/contest/train_heights/DSM_26_2.tif
data/contest/train_rgbs/RGB_26_3.tif,data/contest/train_heights/DSM_26_3.tif
data/contest/train_rgbs/RGB_26_4.tif,data/contest/train_heights/DSM_26_4.tif
data/contest/train_rgbs/RGB_26_5.tif,data/contest/train_heights/DSM_26_5.tif
data/contest/train_rgbs/RGB_26_6.tif,data/contest/train_heights/DSM_26_6.tif
data/contest/train_rgbs/RGB_26_7.tif,data/contest/train_heights/DSM_26_7.tif
data/contest/train_rgbs/RGB_26_8.tif,data/contest/train_heights/DSM_26_8.tif
data/contest/train_rgbs/RGB_27_1.tif,data/contest/train_heights/DSM_27_1.tif
data/contest/train_rgbs/RGB_27_10.tif,data/contest/train_heights/DSM_27_10.tif
data/contest/train_rgbs/RGB_27_11.tif,data/contest/train_heights/DSM_27_11.tif
data/contest/train_rgbs/RGB_27_12.tif,data/contest/train_heights/DSM_27_12.tif
data/contest/train_rgbs/RGB_27_13.tif,data/contest/train_heights/DSM_27_13.tif
data/contest/train_rgbs/RGB_27_14.tif,data/contest/train_heights/DSM_27_14.tif
data/contest/train_rgbs/RGB_27_16.tif,data/contest/train_heights/DSM_27_16.tif
data/contest/train_rgbs/RGB_27_17.tif,data/contest/train_heights/DSM_27_17.tif
data/contest/train_rgbs/RGB_27_19.tif,data/contest/train_heights/DSM_27_19.tif
data/contest/train_rgbs/RGB_27_3.tif,data/contest/train_heights/DSM_27_3.tif
data/contest/train_rgbs/RGB_27_4.tif,data/contest/train_heights/DSM_27_4.tif
data/contest/train_rgbs/RGB_27_6.tif,data/contest/train_heights/DSM_27_6.tif
data/contest/train_rgbs/RGB_27_7.tif,data/contest/train_heights/DSM_27_7.tif
data/contest/train_rgbs/RGB_27_8.tif,data/contest/train_heights/DSM_27_8.tif
data/contest/train_rgbs/RGB_27_9.tif,data/contest/train_heights/DSM_27_9.tif
data/contest/train_rgbs/RGB_28_0.tif,data/contest/train_heights/DSM_28_0.tif
data/contest/train_rgbs/RGB_28_1.tif,data/contest/train_heights/DSM_28_1.tif
data/contest/train_rgbs/RGB_28_10.tif,data/contest/train_heights/DSM_28_10.tif
data/contest/train_rgbs/RGB_28_11.tif,data/contest/train_heights/DSM_28_11.tif
data/contest/train_rgbs/RGB_28_12.tif,data/contest/train_heights/DSM_28_12.tif
data/contest/train_rgbs/RGB_28_14.tif,data/contest/train_heights/DSM_28_14.tif
data/contest/train_rgbs/RGB_28_17.tif,data/contest/train_heights/DSM_28_17.tif
data/contest/train_rgbs/RGB_28_18.tif,data/contest/train_heights/DSM_28_18.tif
data/contest/train_rgbs/RGB_28_2.tif,data/contest/train_heights/DSM_28_2.tif
data/contest/train_rgbs/RGB_28_3.tif,data/contest/train_heights/DSM_28_3.tif
data/contest/train_rgbs/RGB_28_4.tif,data/contest/train_heights/DSM_28_4.tif
data/contest/train_rgbs/RGB_28_5.tif,data/contest/train_heights/DSM_28_5.tif
data/contest/train_rgbs/RGB_28_6.tif,data/contest/train_heights/DSM_28_6.tif
data/contest/train_rgbs/RGB_28_7.tif,data/contest/train_heights/DSM_28_7.tif
data/contest/train_rgbs/RGB_28_8.tif,data/contest/train_heights/DSM_28_8.tif
data/contest/train_rgbs/RGB_28_9.tif,data/contest/train_heights/DSM_28_9.tif
data/contest/train_rgbs/RGB_29_0.tif,data/contest/train_heights/DSM_29_0.tif
data/contest/train_rgbs/RGB_29_10.tif,data/contest/train_heights/DSM_29_10.tif
data/contest/train_rgbs/RGB_29_12.tif,data/contest/train_heights/DSM_29_12.tif
data/contest/train_rgbs/RGB_29_13.tif,data/contest/train_heights/DSM_29_13.tif
data/contest/train_rgbs/RGB_29_14.tif,data/contest/train_heights/DSM_29_14.tif
data/contest/train_rgbs/RGB_29_15.tif,data/contest/train_heights/DSM_29_15.tif
data/contest/train_rgbs/RGB_29_17.tif,data/contest/train_heights/DSM_29_17.tif
data/contest/train_rgbs/RGB_29_18.tif,data/contest/train_heights/DSM_29_18.tif
data/contest/train_rgbs/RGB_29_19.tif,data/contest/train_heights/DSM_29_19.tif
data/contest/train_rgbs/RGB_29_2.tif,data/contest/train_heights/DSM_29_2.tif
data/contest/train_rgbs/RGB_29_3.tif,data/contest/train_heights/DSM_29_3.tif
data/contest/train_rgbs/RGB_29_4.tif,data/contest/train_heights/DSM_29_4.tif
data/contest/train_rgbs/RGB_29_5.tif,data/contest/train_heights/DSM_29_5.tif
data/contest/train_rgbs/RGB_29_6.tif,data/contest/train_heights/DSM_29_6.tif
data/contest/train_rgbs/RGB_29_7.tif,data/contest/train_heights/DSM_29_7.tif
data/contest/train_rgbs/RGB_29_9.tif,data/contest/train_heights/DSM_29_9.tif
data/contest/train_rgbs/RGB_2_0.tif,data/contest/train_heights/DSM_2_0.tif
data/contest/train_rgbs/RGB_2_1.tif,data/contest/train_heights/DSM_2_1.tif
data/contest/train_rgbs/RGB_2_10.tif,data/contest/train_heights/DSM_2_10.tif
data/contest/train_rgbs/RGB_2_12.tif,data/contest/train_heights/DSM_2_12.tif
data/contest/train_rgbs/RGB_2_14.tif,data/contest/train_heights/DSM_2_14.tif
data/contest/train_rgbs/RGB_2_16.tif,data/contest/train_heights/DSM_2_16.tif
data/contest/train_rgbs/RGB_2_17.tif,data/contest/train_heights/DSM_2_17.tif
data/contest/train_rgbs/RGB_2_19.tif,data/contest/train_heights/DSM_2_19.tif
data/contest/train_rgbs/RGB_2_2.tif,data/contest/train_heights/DSM_2_2.tif
data/contest/train_rgbs/RGB_2_4.tif,data/contest/train_heights/DSM_2_4.tif
data/contest/train_rgbs/RGB_2_5.tif,data/contest/train_heights/DSM_2_5.tif
data/contest/train_rgbs/RGB_2_6.tif,data/contest/train_heights/DSM_2_6.tif
data/contest/train_rgbs/RGB_2_7.tif,data/contest/train_heights/DSM_2_7.tif
data/contest/train_rgbs/RGB_2_8.tif,data/contest/train_heights/DSM_2_8.tif
data/contest/train_rgbs/RGB_30_0.tif,data/contest/train_heights/DSM_30_0.tif
data/contest/train_rgbs/RGB_30_1.tif,data/contest/train_heights/DSM_30_1.tif
data/contest/train_rgbs/RGB_30_11.tif,data/contest/train_heights/DSM_30_11.tif
data/contest/train_rgbs/RGB_30_12.tif,data/contest/train_heights/DSM_30_12.tif
data/contest/train_rgbs/RGB_30_13.tif,data/contest/train_heights/DSM_30_13.tif
data/contest/train_rgbs/RGB_30_15.tif,data/contest/train_heights/DSM_30_15.tif
data/contest/train_rgbs/RGB_30_16.tif,data/contest/train_heights/DSM_30_16.tif
data/contest/train_rgbs/RGB_30_19.tif,data/contest/train_heights/DSM_30_19.tif
data/contest/train_rgbs/RGB_30_2.tif,data/contest/train_heights/DSM_30_2.tif
data/contest/train_rgbs/RGB_30_3.tif,data/contest/train_heights/DSM_30_3.tif
data/contest/train_rgbs/RGB_30_4.tif,data/contest/train_heights/DSM_30_4.tif
data/contest/train_rgbs/RGB_30_5.tif,data/contest/train_heights/DSM_30_5.tif
data/contest/train_rgbs/RGB_30_8.tif,data/contest/train_heights/DSM_30_8.tif
data/contest/train_rgbs/RGB_30_9.tif,data/contest/train_heights/DSM_30_9.tif
data/contest/train_rgbs/RGB_31_1.tif,data/contest/train_heights/DSM_31_1.tif
data/contest/train_rgbs/RGB_31_10.tif,data/contest/train_heights/DSM_31_10.tif
data/contest/train_rgbs/RGB_31_11.tif,data/contest/train_heights/DSM_31_11.tif
data/contest/train_rgbs/RGB_31_12.tif,data/contest/train_heights/DSM_31_12.tif
data/contest/train_rgbs/RGB_31_13.tif,data/contest/train_heights/DSM_31_13.tif
data/contest/train_rgbs/RGB_31_14.tif,data/contest/train_heights/DSM_31_14.tif
data/contest/train_rgbs/RGB_31_15.tif,data/contest/train_heights/DSM_31_15.tif
data/contest/train_rgbs/RGB_31_16.tif,data/contest/train_heights/DSM_31_16.tif
data/contest/train_rgbs/RGB_31_17.tif,data/contest/train_heights/DSM_31_17.tif
data/contest/train_rgbs/RGB_31_18.tif,data/contest/train_heights/DSM_31_18.tif
data/contest/train_rgbs/RGB_31_19.tif,data/contest/train_heights/DSM_31_19.tif
data/contest/train_rgbs/RGB_31_3.tif,data/contest/train_heights/DSM_31_3.tif
data/contest/train_rgbs/RGB_31_5.tif,data/contest/train_heights/DSM_31_5.tif
data/contest/train_rgbs/RGB_31_6.tif,data/contest/train_heights/DSM_31_6.tif
data/contest/train_rgbs/RGB_31_7.tif,data/contest/train_heights/DSM_31_7.tif
data/contest/train_rgbs/RGB_31_8.tif,data/contest/train_heights/DSM_31_8.tif
data/contest/train_rgbs/RGB_31_9.tif,data/contest/train_heights/DSM_31_9.tif
data/contest/train_rgbs/RGB_32_0.tif,data/contest/train_heights/DSM_32_0.tif
data/contest/train_rgbs/RGB_32_1.tif,data/contest/train_heights/DSM_32_1.tif
data/contest/train_rgbs/RGB_32_11.tif,data/contest/train_heights/DSM_32_11.tif
data/contest/train_rgbs/RGB_32_13.tif,data/contest/train_heights/DSM_32_13.tif
data/contest/train_rgbs/RGB_32_14.tif,data/contest/train_heights/DSM_32_14.tif
data/contest/train_rgbs/RGB_32_15.tif,data/contest/train_heights/DSM_32_15.tif
data/contest/train_rgbs/RGB_32_16.tif,data/contest/train_heights/DSM_32_16.tif
data/contest/train_rgbs/RGB_32_18.tif,data/contest/train_heights/DSM_32_18.tif
data/contest/train_rgbs/RGB_32_19.tif,data/contest/train_heights/DSM_32_19.tif
data/contest/train_rgbs/RGB_32_2.tif,data/contest/train_heights/DSM_32_2.tif
data/contest/train_rgbs/RGB_32_3.tif,data/contest/train_heights/DSM_32_3.tif
data/contest/train_rgbs/RGB_32_4.tif,data/contest/train_heights/DSM_32_4.tif
data/contest/train_rgbs/RGB_32_6.tif,data/contest/train_heights/DSM_32_6.tif
data/contest/train_rgbs/RGB_32_7.tif,data/contest/train_heights/DSM_32_7.tif
data/contest/train_rgbs/RGB_32_8.tif,data/contest/train_heights/DSM_32_8.tif
data/contest/train_rgbs/RGB_33_0.tif,data/contest/train_heights/DSM_33_0.tif
data/contest/train_rgbs/RGB_33_10.tif,data/contest/train_heights/DSM_33_10.tif
data/contest/train_rgbs/RGB_33_11.tif,data/contest/train_heights/DSM_33_11.tif
data/contest/train_rgbs/RGB_33_15.tif,data/contest/train_heights/DSM_33_15.tif
data/contest/train_rgbs/RGB_33_17.tif,data/contest/train_heights/DSM_33_17.tif
data/contest/train_rgbs/RGB_33_18.tif,data/contest/train_heights/DSM_33_18.tif
data/contest/train_rgbs/RGB_33_19.tif,data/contest/train_heights/DSM_33_19.tif
data/contest/train_rgbs/RGB_33_2.tif,data/contest/train_heights/DSM_33_2.tif
data/contest/train_rgbs/RGB_33_3.tif,data/contest/train_heights/DSM_33_3.tif
data/contest/train_rgbs/RGB_33_6.tif,data/contest/train_heights/DSM_33_6.tif
data/contest/train_rgbs/RGB_33_7.tif,data/contest/train_heights/DSM_33_7.tif
data/contest/train_rgbs/RGB_33_8.tif,data/contest/train_heights/DSM_33_8.tif
data/contest/train_rgbs/RGB_33_9.tif,data/contest/train_heights/DSM_33_9.tif
data/contest/train_rgbs/RGB_34_0.tif,data/contest/train_heights/DSM_34_0.tif
data/contest/train_rgbs/RGB_34_10.tif,data/contest/train_heights/DSM_34_10.tif
data/contest/train_rgbs/RGB_34_11.tif,data/contest/train_heights/DSM_34_11.tif
data/contest/train_rgbs/RGB_34_14.tif,data/contest/train_heights/DSM_34_14.tif
data/contest/train_rgbs/RGB_34_15.tif,data/contest/train_heights/DSM_34_15.tif
data/contest/train_rgbs/RGB_34_16.tif,data/contest/train_heights/DSM_34_16.tif
data/contest/train_rgbs/RGB_34_17.tif,data/contest/train_heights/DSM_34_17.tif
data/contest/train_rgbs/RGB_34_18.tif,data/contest/train_heights/DSM_34_18.tif
data/contest/train_rgbs/RGB_34_19.tif,data/contest/train_heights/DSM_34_19.tif
data/contest/train_rgbs/RGB_34_2.tif,data/contest/train_heights/DSM_34_2.tif
data/contest/train_rgbs/RGB_34_3.tif,data/contest/train_heights/DSM_34_3.tif
data/contest/train_rgbs/RGB_34_4.tif,data/contest/train_heights/DSM_34_4.tif
data/contest/train_rgbs/RGB_34_6.tif,data/contest/train_heights/DSM_34_6.tif
data/contest/train_rgbs/RGB_34_7.tif,data/contest/train_heights/DSM_34_7.tif
data/contest/train_rgbs/RGB_34_8.tif,data/contest/train_heights/DSM_34_8.tif
data/contest/train_rgbs/RGB_34_9.tif,data/contest/train_heights/DSM_34_9.tif
data/contest/train_rgbs/RGB_35_0.tif,data/contest/train_heights/DSM_35_0.tif
data/contest/train_rgbs/RGB_35_1.tif,data/contest/train_heights/DSM_35_1.tif
data/contest/train_rgbs/RGB_35_10.tif,data/contest/train_heights/DSM_35_10.tif
data/contest/train_rgbs/RGB_35_11.tif,data/contest/train_heights/DSM_35_11.tif
data/contest/train_rgbs/RGB_35_12.tif,data/contest/train_heights/DSM_35_12.tif
data/contest/train_rgbs/RGB_35_13.tif,data/contest/train_heights/DSM_35_13.tif
data/contest/train_rgbs/RGB_35_14.tif,data/contest/train_heights/DSM_35_14.tif
data/contest/train_rgbs/RGB_35_15.tif,data/contest/train_heights/DSM_35_15.tif
data/contest/train_rgbs/RGB_35_16.tif,data/contest/train_heights/DSM_35_16.tif
data/contest/train_rgbs/RGB_35_17.tif,data/contest/train_heights/DSM_35_17.tif
data/contest/train_rgbs/RGB_35_18.tif,data/contest/train_heights/DSM_35_18.tif
data/contest/train_rgbs/RGB_35_19.tif,data/contest/train_heights/DSM_35_19.tif
data/contest/train_rgbs/RGB_35_2.tif,data/contest/train_heights/DSM_35_2.tif
data/contest/train_rgbs/RGB_35_4.tif,data/contest/train_heights/DSM_35_4.tif
data/contest/train_rgbs/RGB_35_5.tif,data/contest/train_heights/DSM_35_5.tif
data/contest/train_rgbs/RGB_35_6.tif,data/contest/train_heights/DSM_35_6.tif
data/contest/train_rgbs/RGB_35_8.tif,data/contest/train_heights/DSM_35_8.tif
data/contest/train_rgbs/RGB_35_9.tif,data/contest/train_heights/DSM_35_9.tif
data/contest/train_rgbs/RGB_36_0.tif,data/contest/train_heights/DSM_36_0.tif
data/contest/train_rgbs/RGB_36_1.tif,data/contest/train_heights/DSM_36_1.tif
data/contest/train_rgbs/RGB_36_11.tif,data/contest/train_heights/DSM_36_11.tif
data/contest/train_rgbs/RGB_36_12.tif,data/contest/train_heights/DSM_36_12.tif
data/contest/train_rgbs/RGB_36_14.tif,data/contest/train_heights/DSM_36_14.tif
data/contest/train_rgbs/RGB_36_15.tif,data/contest/train_heights/DSM_36_15.tif
data/contest/train_rgbs/RGB_36_16.tif,data/contest/train_heights/DSM_36_16.tif
data/contest/train_rgbs/RGB_36_17.tif,data/contest/train_heights/DSM_36_17.tif
data/contest/train_rgbs/RGB_36_18.tif,data/contest/train_heights/DSM_36_18.tif
data/contest/train_rgbs/RGB_36_19.tif,data/contest/train_heights/DSM_36_19.tif
data/contest/train_rgbs/RGB_36_2.tif,data/contest/train_heights/DSM_36_2.tif
data/contest/train_rgbs/RGB_36_3.tif,data/contest/train_heights/DSM_36_3.tif
data/contest/train_rgbs/RGB_36_5.tif,data/contest/train_heights/DSM_36_5.tif
data/contest/train_rgbs/RGB_36_6.tif,data/contest/train_heights/DSM_36_6.tif
data/contest/train_rgbs/RGB_36_8.tif,data/contest/train_heights/DSM_36_8.tif
data/contest/train_rgbs/RGB_36_9.tif,data/contest/train_heights/DSM_36_9.tif
data/contest/train_rgbs/RGB_37_0.tif,data/contest/train_heights/DSM_37_0.tif
data/contest/train_rgbs/RGB_37_11.tif,data/contest/train_heights/DSM_37_11.tif
data/contest/train_rgbs/RGB_37_12.tif,data/contest/train_heights/DSM_37_12.tif
data/contest/train_rgbs/RGB_37_16.tif,data/contest/train_heights/DSM_37_16.tif
data/contest/train_rgbs/RGB_37_18.tif,data/contest/train_heights/DSM_37_18.tif
data/contest/train_rgbs/RGB_37_2.tif,data/contest/train_heights/DSM_37_2.tif
data/contest/train_rgbs/RGB_37_5.tif,data/contest/train_heights/DSM_37_5.tif
data/contest/train_rgbs/RGB_37_7.tif,data/contest/train_heights/DSM_37_7.tif
data/contest/train_rgbs/RGB_37_8.tif,data/contest/train_heights/DSM_37_8.tif
data/contest/train_rgbs/RGB_37_9.tif,data/contest/train_heights/DSM_37_9.tif
data/contest/train_rgbs/RGB_38_0.tif,data/contest/train_heights/DSM_38_0.tif
data/contest/train_rgbs/RGB_38_1.tif,data/contest/train_heights/DSM_38_1.tif
data/contest/train_rgbs/RGB_38_10.tif,data/contest/train_heights/DSM_38_10.tif
data/contest/train_rgbs/RGB_38_11.tif,data/contest/train_heights/DSM_38_11.tif
data/contest/train_rgbs/RGB_38_13.tif,data/contest/train_heights/DSM_38_13.tif
data/contest/train_rgbs/RGB_38_14.tif,data/contest/train_heights/DSM_38_14.tif
data/contest/train_rgbs/RGB_38_15.tif,data/contest/train_heights/DSM_38_15.tif
data/contest/train_rgbs/RGB_38_16.tif,data/contest/train_heights/DSM_38_16.tif
data/contest/train_rgbs/RGB_38_17.tif,data/contest/train_heights/DSM_38_17.tif
data/contest/train_rgbs/RGB_38_18.tif,data/contest/train_heights/DSM_38_18.tif
data/contest/train_rgbs/RGB_38_2.tif,data/contest/train_heights/DSM_38_2.tif
data/contest/train_rgbs/RGB_38_4.tif,data/contest/train_heights/DSM_38_4.tif
data/contest/train_rgbs/RGB_38_5.tif,data/contest/train_heights/DSM_38_5.tif
data/contest/train_rgbs/RGB_38_7.tif,data/contest/train_heights/DSM_38_7.tif
data/contest/train_rgbs/RGB_38_8.tif,data/contest/train_heights/DSM_38_8.tif
data/contest/train_rgbs/RGB_38_9.tif,data/contest/train_heights/DSM_38_9.tif
data/contest/train_rgbs/RGB_39_0.tif,data/contest/train_heights/DSM_39_0.tif
data/contest/train_rgbs/RGB_39_1.tif,data/contest/train_heights/DSM_39_1.tif
data/contest/train_rgbs/RGB_39_10.tif,data/contest/train_heights/DSM_39_10.tif
data/contest/train_rgbs/RGB_39_11.tif,data/contest/train_heights/DSM_39_11.tif
data/contest/train_rgbs/RGB_39_13.tif,data/contest/train_heights/DSM_39_13.tif
data/contest/train_rgbs/RGB_39_14.tif,data/contest/train_heights/DSM_39_14.tif
data/contest/train_rgbs/RGB_39_15.tif,data/contest/train_heights/DSM_39_15.tif
data/contest/train_rgbs/RGB_39_16.tif,data/contest/train_heights/DSM_39_16.tif
data/contest/train_rgbs/RGB_39_17.tif,data/contest/train_heights/DSM_39_17.tif
data/contest/train_rgbs/RGB_39_18.tif,data/contest/train_heights/DSM_39_18.tif
data/contest/train_rgbs/RGB_39_19.tif,data/contest/train_heights/DSM_39_19.tif
data/contest/train_rgbs/RGB_39_2.tif,data/contest/train_heights/DSM_39_2.tif
data/contest/train_rgbs/RGB_39_3.tif,data/contest/train_heights/DSM_39_3.tif
data/contest/train_rgbs/RGB_39_4.tif,data/contest/train_heights/DSM_39_4.tif
data/contest/train_rgbs/RGB_39_5.tif,data/contest/train_heights/DSM_39_5.tif
data/contest/train_rgbs/RGB_39_6.tif,data/contest/train_heights/DSM_39_6.tif
data/contest/train_rgbs/RGB_39_7.tif,data/contest/train_heights/DSM_39_7.tif
data/contest/train_rgbs/RGB_39_8.tif,data/contest/train_heights/DSM_39_8.tif
data/contest/train_rgbs/RGB_39_9.tif,data/contest/train_heights/DSM_39_9.tif
data/contest/train_rgbs/RGB_3_0.tif,data/contest/train_heights/DSM_3_0.tif
data/contest/train_rgbs/RGB_3_1.tif,data/contest/train_heights/DSM_3_1.tif
data/contest/train_rgbs/RGB_3_10.tif,data/contest/train_heights/DSM_3_10.tif
data/contest/train_rgbs/RGB_3_11.tif,data/contest/train_heights/DSM_3_11.tif
data/contest/train_rgbs/RGB_3_13.tif,data/contest/train_heights/DSM_3_13.tif
data/contest/train_rgbs/RGB_3_14.tif,data/contest/train_heights/DSM_3_14.tif
data/contest/train_rgbs/RGB_3_15.tif,data/contest/train_heights/DSM_3_15.tif
data/contest/train_rgbs/RGB_3_16.tif,data/contest/train_heights/DSM_3_16.tif
data/contest/train_rgbs/RGB_3_17.tif,data/contest/train_heights/DSM_3_17.tif
data/contest/train_rgbs/RGB_3_18.tif,data/contest/train_heights/DSM_3_18.tif
data/contest/train_rgbs/RGB_3_19.tif,data/contest/train_heights/DSM_3_19.tif
data/contest/train_rgbs/RGB_3_2.tif,data/contest/train_heights/DSM_3_2.tif
data/contest/train_rgbs/RGB_3_4.tif,data/contest/train_heights/DSM_3_4.tif
data/contest/train_rgbs/RGB_3_5.tif,data/contest/train_heights/DSM_3_5.tif
data/contest/train_rgbs/RGB_3_6.tif,data/contest/train_heights/DSM_3_6.tif
data/contest/train_rgbs/RGB_3_7.tif,data/contest/train_heights/DSM_3_7.tif
data/contest/train_rgbs/RGB_3_8.tif,data/contest/train_heights/DSM_3_8.tif
data/contest/train_rgbs/RGB_3_9.tif,data/contest/train_heights/DSM_3_9.tif
data/contest/train_rgbs/RGB_40_0.tif,data/contest/train_heights/DSM_40_0.tif
data/contest/train_rgbs/RGB_40_10.tif,data/contest/train_heights/DSM_40_10.tif
data/contest/train_rgbs/RGB_40_11.tif,data/contest/train_heights/DSM_40_11.tif
data/contest/train_rgbs/RGB_40_12.tif,data/contest/train_heights/DSM_40_12.tif
data/contest/train_rgbs/RGB_40_13.tif,data/contest/train_heights/DSM_40_13.tif
data/contest/train_rgbs/RGB_40_14.tif,data/contest/train_heights/DSM_40_14.tif
data/contest/train_rgbs/RGB_40_15.tif,data/contest/train_heights/DSM_40_15.tif
data/contest/train_rgbs/RGB_40_16.tif,data/contest/train_heights/DSM_40_16.tif
data/contest/train_rgbs/RGB_40_17.tif,data/contest/train_heights/DSM_40_17.tif
data/contest/train_rgbs/RGB_40_18.tif,data/contest/train_heights/DSM_40_18.tif
data/contest/train_rgbs/RGB_40_2.tif,data/contest/train_heights/DSM_40_2.tif
data/contest/train_rgbs/RGB_40_3.tif,data/contest/train_heights/DSM_40_3.tif
data/contest/train_rgbs/RGB_40_4.tif,data/contest/train_heights/DSM_40_4.tif
data/contest/train_rgbs/RGB_40_5.tif,data/contest/train_heights/DSM_40_5.tif
data/contest/train_rgbs/RGB_40_6.tif,data/contest/train_heights/DSM_40_6.tif
data/contest/train_rgbs/RGB_40_7.tif,data/contest/train_heights/DSM_40_7.tif
data/contest/train_rgbs/RGB_40_8.tif,data/contest/train_heights/DSM_40_8.tif
data/contest/train_rgbs/RGB_40_9.tif,data/contest/train_heights/DSM_40_9.tif
data/contest/train_rgbs/RGB_41_0.tif,data/contest/train_heights/DSM_41_0.tif
data/contest/train_rgbs/RGB_41_1.tif,data/contest/train_heights/DSM_41_1.tif
data/contest/train_rgbs/RGB_41_10.tif,data/contest/train_heights/DSM_41_10.tif
data/contest/train_rgbs/RGB_41_12.tif,data/contest/train_heights/DSM_41_12.tif
data/contest/train_rgbs/RGB_41_13.tif,data/contest/train_heights/DSM_41_13.tif
data/contest/train_rgbs/RGB_41_14.tif,data/contest/train_heights/DSM_41_14.tif
data/contest/train_rgbs/RGB_41_15.tif,data/contest/train_heights/DSM_41_15.tif
data/contest/train_rgbs/RGB_41_16.tif,data/contest/train_heights/DSM_41_16.tif
data/contest/train_rgbs/RGB_41_18.tif,data/contest/train_heights/DSM_41_18.tif
data/contest/train_rgbs/RGB_41_19.tif,data/contest/train_heights/DSM_41_19.tif
data/contest/train_rgbs/RGB_41_2.tif,data/contest/train_heights/DSM_41_2.tif
data/contest/train_rgbs/RGB_41_3.tif,data/contest/train_heights/DSM_41_3.tif
data/contest/train_rgbs/RGB_41_4.tif,data/contest/train_heights/DSM_41_4.tif
data/contest/train_rgbs/RGB_41_5.tif,data/contest/train_heights/DSM_41_5.tif
data/contest/train_rgbs/RGB_41_6.tif,data/contest/train_heights/DSM_41_6.tif
data/contest/train_rgbs/RGB_41_7.tif,data/contest/train_heights/DSM_41_7.tif
data/contest/train_rgbs/RGB_41_8.tif,data/contest/train_heights/DSM_41_8.tif
data/contest/train_rgbs/RGB_41_9.tif,data/contest/train_heights/DSM_41_9.tif
data/contest/train_rgbs/RGB_42_1.tif,data/contest/train_heights/DSM_42_1.tif
data/contest/train_rgbs/RGB_42_10.tif,data/contest/train_heights/DSM_42_10.tif
data/contest/train_rgbs/RGB_42_11.tif,data/contest/train_heights/DSM_42_11.tif
data/contest/train_rgbs/RGB_42_12.tif,data/contest/train_heights/DSM_42_12.tif
data/contest/train_rgbs/RGB_42_13.tif,data/contest/train_heights/DSM_42_13.tif
data/contest/train_rgbs/RGB_42_15.tif,data/contest/train_heights/DSM_42_15.tif
data/contest/train_rgbs/RGB_42_17.tif,data/contest/train_heights/DSM_42_17.tif
data/contest/train_rgbs/RGB_42_18.tif,data/contest/train_heights/DSM_42_18.tif
data/contest/train_rgbs/RGB_42_19.tif,data/contest/train_heights/DSM_42_19.tif
data/contest/train_rgbs/RGB_42_2.tif,data/contest/train_heights/DSM_42_2.tif
data/contest/train_rgbs/RGB_42_3.tif,data/contest/train_heights/DSM_42_3.tif
data/contest/train_rgbs/RGB_42_4.tif,data/contest/train_heights/DSM_42_4.tif
data/contest/train_rgbs/RGB_42_6.tif,data/contest/train_heights/DSM_42_6.tif
data/contest/train_rgbs/RGB_42_7.tif,data/contest/train_heights/DSM_42_7.tif
data/contest/train_rgbs/RGB_42_8.tif,data/contest/train_heights/DSM_42_8.tif
data/contest/train_rgbs/RGB_42_9.tif,data/contest/train_heights/DSM_42_9.tif
data/contest/train_rgbs/RGB_43_0.tif,data/contest/train_heights/DSM_43_0.tif
data/contest/train_rgbs/RGB_43_1.tif,data/contest/train_heights/DSM_43_1.tif
data/contest/train_rgbs/RGB_43_10.tif,data/contest/train_heights/DSM_43_10.tif
data/contest/train_rgbs/RGB_43_11.tif,data/contest/train_heights/DSM_43_11.tif
data/contest/train_rgbs/RGB_43_12.tif,data/contest/train_heights/DSM_43_12.tif
data/contest/train_rgbs/RGB_43_13.tif,data/contest/train_heights/DSM_43_13.tif
data/contest/train_rgbs/RGB_43_14.tif,data/contest/train_heights/DSM_43_14.tif
data/contest/train_rgbs/RGB_43_15.tif,data/contest/train_heights/DSM_43_15.tif
data/contest/train_rgbs/RGB_43_16.tif,data/contest/train_heights/DSM_43_16.tif
data/contest/train_rgbs/RGB_43_17.tif,data/contest/train_heights/DSM_43_17.tif
data/contest/train_rgbs/RGB_43_18.tif,data/contest/train_heights/DSM_43_18.tif
data/contest/train_rgbs/RGB_43_19.tif,data/contest/train_heights/DSM_43_19.tif
data/contest/train_rgbs/RGB_43_2.tif,data/contest/train_heights/DSM_43_2.tif
data/contest/train_rgbs/RGB_43_4.tif,data/contest/train_heights/DSM_43_4.tif
data/contest/train_rgbs/RGB_43_5.tif,data/contest/train_heights/DSM_43_5.tif
data/contest/train_rgbs/RGB_43_6.tif,data/contest/train_heights/DSM_43_6.tif
data/contest/train_rgbs/RGB_43_7.tif,data/contest/train_heights/DSM_43_7.tif
data/contest/train_rgbs/RGB_43_8.tif,data/contest/train_heights/DSM_43_8.tif
data/contest/train_rgbs/RGB_43_9.tif,data/contest/train_heights/DSM_43_9.tif
data/contest/train_rgbs/RGB_44_0.tif,data/contest/train_heights/DSM_44_0.tif
data/contest/train_rgbs/RGB_44_1.tif,data/contest/train_heights/DSM_44_1.tif
data/contest/train_rgbs/RGB_44_10.tif,data/contest/train_heights/DSM_44_10.tif
data/contest/train_rgbs/RGB_44_11.tif,data/contest/train_heights/DSM_44_11.tif
data/contest/train_rgbs/RGB_44_12.tif,data/contest/train_heights/DSM_44_12.tif
data/contest/train_rgbs/RGB_44_13.tif,data/contest/train_heights/DSM_44_13.tif
data/contest/train_rgbs/RGB_44_14.tif,data/contest/train_heights/DSM_44_14.tif
data/contest/train_rgbs/RGB_44_15.tif,data/contest/train_heights/DSM_44_15.tif
data/contest/train_rgbs/RGB_44_16.tif,data/contest/train_heights/DSM_44_16.tif
data/contest/train_rgbs/RGB_44_17.tif,data/contest/train_heights/DSM_44_17.tif
data/contest/train_rgbs/RGB_44_18.tif,data/contest/train_heights/DSM_44_18.tif
data/contest/train_rgbs/RGB_44_19.tif,data/contest/train_heights/DSM_44_19.tif
data/contest/train_rgbs/RGB_44_2.tif,data/contest/train_heights/DSM_44_2.tif
data/contest/train_rgbs/RGB_44_4.tif,data/contest/train_heights/DSM_44_4.tif
data/contest/train_rgbs/RGB_44_5.tif,data/contest/train_heights/DSM_44_5.tif
data/contest/train_rgbs/RGB_44_6.tif,data/contest/train_heights/DSM_44_6.tif
data/contest/train_rgbs/RGB_44_7.tif,data/contest/train_heights/DSM_44_7.tif
data/contest/train_rgbs/RGB_44_8.tif,data/contest/train_heights/DSM_44_8.tif
data/contest/train_rgbs/RGB_44_9.tif,data/contest/train_heights/DSM_44_9.tif
data/contest/train_rgbs/RGB_45_0.tif,data/contest/train_heights/DSM_45_0.tif
data/contest/train_rgbs/RGB_45_1.tif,data/contest/train_heights/DSM_45_1.tif
data/contest/train_rgbs/RGB_45_11.tif,data/contest/train_heights/DSM_45_11.tif
data/contest/train_rgbs/RGB_45_12.tif,data/contest/train_heights/DSM_45_12.tif
data/contest/train_rgbs/RGB_45_13.tif,data/contest/train_heights/DSM_45_13.tif
data/contest/train_rgbs/RGB_45_14.tif,data/contest/train_heights/DSM_45_14.tif
data/contest/train_rgbs/RGB_45_15.tif,data/contest/train_heights/DSM_45_15.tif
data/contest/train_rgbs/RGB_45_16.tif,data/contest/train_heights/DSM_45_16.tif
data/contest/train_rgbs/RGB_45_17.tif,data/contest/train_heights/DSM_45_17.tif
data/contest/train_rgbs/RGB_45_18.tif,data/contest/train_heights/DSM_45_18.tif
data/contest/train_rgbs/RGB_45_19.tif,data/contest/train_heights/DSM_45_19.tif
data/contest/train_rgbs/RGB_45_2.tif,data/contest/train_heights/DSM_45_2.tif
data/contest/train_rgbs/RGB_45_4.tif,data/contest/train_heights/DSM_45_4.tif
data/contest/train_rgbs/RGB_45_5.tif,data/contest/train_heights/DSM_45_5.tif
data/contest/train_rgbs/RGB_45_6.tif,data/contest/train_heights/DSM_45_6.tif
data/contest/train_rgbs/RGB_45_7.tif,data/contest/train_heights/DSM_45_7.tif
data/contest/train_rgbs/RGB_45_8.tif,data/contest/train_heights/DSM_45_8.tif
data/contest/train_rgbs/RGB_45_9.tif,data/contest/train_heights/DSM_45_9.tif
data/contest/train_rgbs/RGB_46_0.tif,data/contest/train_heights/DSM_46_0.tif
data/contest/train_rgbs/RGB_46_1.tif,data/contest/train_heights/DSM_46_1.tif
data/contest/train_rgbs/RGB_46_11.tif,data/contest/train_heights/DSM_46_11.tif
data/contest/train_rgbs/RGB_46_12.tif,data/contest/train_heights/DSM_46_12.tif
data/contest/train_rgbs/RGB_46_13.tif,data/contest/train_heights/DSM_46_13.tif
data/contest/train_rgbs/RGB_46_14.tif,data/contest/train_heights/DSM_46_14.tif
data/contest/train_rgbs/RGB_46_15.tif,data/contest/train_heights/DSM_46_15.tif
data/contest/train_rgbs/RGB_46_16.tif,data/contest/train_heights/DSM_46_16.tif
data/contest/train_rgbs/RGB_46_19.tif,data/contest/train_heights/DSM_46_19.tif
data/contest/train_rgbs/RGB_46_2.tif,data/contest/train_heights/DSM_46_2.tif
data/contest/train_rgbs/RGB_46_3.tif,data/contest/train_heights/DSM_46_3.tif
data/contest/train_rgbs/RGB_46_5.tif,data/contest/train_heights/DSM_46_5.tif
data/contest/train_rgbs/RGB_46_6.tif,data/contest/train_heights/DSM_46_6.tif
data/contest/train_rgbs/RGB_46_7.tif,data/contest/train_heights/DSM_46_7.tif
data/contest/train_rgbs/RGB_46_8.tif,data/contest/train_heights/DSM_46_8.tif
data/contest/train_rgbs/RGB_46_9.tif,data/contest/train_heights/DSM_46_9.tif
data/contest/train_rgbs/RGB_47_0.tif,data/contest/train_heights/DSM_47_0.tif
data/contest/train_rgbs/RGB_47_10.tif,data/contest/train_heights/DSM_47_10.tif
data/contest/train_rgbs/RGB_47_11.tif,data/contest/train_heights/DSM_47_11.tif
data/contest/train_rgbs/RGB_47_12.tif,data/contest/train_heights/DSM_47_12.tif
data/contest/train_rgbs/RGB_47_13.tif,data/contest/train_heights/DSM_47_13.tif
data/contest/train_rgbs/RGB_47_14.tif,data/contest/train_heights/DSM_47_14.tif
data/contest/train_rgbs/RGB_47_15.tif,data/contest/train_heights/DSM_47_15.tif
data/contest/train_rgbs/RGB_47_16.tif,data/contest/train_heights/DSM_47_16.tif
data/contest/train_rgbs/RGB_47_17.tif,data/contest/train_heights/DSM_47_17.tif
data/contest/train_rgbs/RGB_47_19.tif,data/contest/train_heights/DSM_47_19.tif
data/contest/train_rgbs/RGB_47_2.tif,data/contest/train_heights/DSM_47_2.tif
data/contest/train_rgbs/RGB_47_3.tif,data/contest/train_heights/DSM_47_3.tif
data/contest/train_rgbs/RGB_47_4.tif,data/contest/train_heights/DSM_47_4.tif
data/contest/train_rgbs/RGB_47_5.tif,data/contest/train_heights/DSM_47_5.tif
data/contest/train_rgbs/RGB_47_6.tif,data/contest/train_heights/DSM_47_6.tif
data/contest/train_rgbs/RGB_47_7.tif,data/contest/train_heights/DSM_47_7.tif
data/contest/train_rgbs/RGB_47_8.tif,data/contest/train_heights/DSM_47_8.tif
data/contest/train_rgbs/RGB_47_9.tif,data/contest/train_heights/DSM_47_9.tif
data/contest/train_rgbs/RGB_48_0.tif,data/contest/train_heights/DSM_48_0.tif
data/contest/train_rgbs/RGB_48_1.tif,data/contest/train_heights/DSM_48_1.tif
data/contest/train_rgbs/RGB_48_10.tif,data/contest/train_heights/DSM_48_10.tif
data/contest/train_rgbs/RGB_48_11.tif,data/contest/train_heights/DSM_48_11.tif
data/contest/train_rgbs/RGB_48_12.tif,data/contest/train_heights/DSM_48_12.tif
data/contest/train_rgbs/RGB_48_15.tif,data/contest/train_heights/DSM_48_15.tif
data/contest/train_rgbs/RGB_48_19.tif,data/contest/train_heights/DSM_48_19.tif
data/contest/train_rgbs/RGB_48_4.tif,data/contest/train_heights/DSM_48_4.tif
data/contest/train_rgbs/RGB_48_5.tif,data/contest/train_heights/DSM_48_5.tif
data/contest/train_rgbs/RGB_48_6.tif,data/contest/train_heights/DSM_48_6.tif
data/contest/train_rgbs/RGB_48_7.tif,data/contest/train_heights/DSM_48_7.tif
data/contest/train_rgbs/RGB_48_9.tif,data/contest/train_heights/DSM_48_9.tif
data/contest/train_rgbs/RGB_49_10.tif,data/contest/train_heights/DSM_49_10.tif
data/contest/train_rgbs/RGB_49_11.tif,data/contest/train_heights/DSM_49_11.tif
data/contest/train_rgbs/RGB_49_12.tif,data/contest/train_heights/DSM_49_12.tif
data/contest/train_rgbs/RGB_49_13.tif,data/contest/train_heights/DSM_49_13.tif
data/contest/train_rgbs/RGB_49_15.tif,data/contest/train_heights/DSM_49_15.tif
data/contest/train_rgbs/RGB_49_16.tif,data/contest/train_heights/DSM_49_16.tif
data/contest/train_rgbs/RGB_49_17.tif,data/contest/train_heights/DSM_49_17.tif
data/contest/train_rgbs/RGB_49_18.tif,data/contest/train_heights/DSM_49_18.tif
data/contest/train_rgbs/RGB_49_19.tif,data/contest/train_heights/DSM_49_19.tif
data/contest/train_rgbs/RGB_49_2.tif,data/contest/train_heights/DSM_49_2.tif
data/contest/train_rgbs/RGB_49_3.tif,data/contest/train_heights/DSM_49_3.tif
data/contest/train_rgbs/RGB_49_4.tif,data/contest/train_heights/DSM_49_4.tif
data/contest/train_rgbs/RGB_49_5.tif,data/contest/train_heights/DSM_49_5.tif
data/contest/train_rgbs/RGB_49_7.tif,data/contest/train_heights/DSM_49_7.tif
data/contest/train_rgbs/RGB_49_8.tif,data/contest/train_heights/DSM_49_8.tif
data/contest/train_rgbs/RGB_49_9.tif,data/contest/train_heights/DSM_49_9.tif
data/contest/train_rgbs/RGB_4_0.tif,data/contest/train_heights/DSM_4_0.tif
data/contest/train_rgbs/RGB_4_1.tif,data/contest/train_heights/DSM_4_1.tif
data/contest/train_rgbs/RGB_4_10.tif,data/contest/train_heights/DSM_4_10.tif
data/contest/train_rgbs/RGB_4_11.tif,data/contest/train_heights/DSM_4_11.tif
data/contest/train_rgbs/RGB_4_12.tif,data/contest/train_heights/DSM_4_12.tif
data/contest/train_rgbs/RGB_4_13.tif,data/contest/train_heights/DSM_4_13.tif
data/contest/train_rgbs/RGB_4_14.tif,data/contest/train_heights/DSM_4_14.tif
data/contest/train_rgbs/RGB_4_18.tif,data/contest/train_heights/DSM_4_18.tif
data/contest/train_rgbs/RGB_4_19.tif,data/contest/train_heights/DSM_4_19.tif
data/contest/train_rgbs/RGB_4_2.tif,data/contest/train_heights/DSM_4_2.tif
data/contest/train_rgbs/RGB_4_3.tif,data/contest/train_heights/DSM_4_3.tif
data/contest/train_rgbs/RGB_4_4.tif,data/contest/train_heights/DSM_4_4.tif
data/contest/train_rgbs/RGB_4_5.tif,data/contest/train_heights/DSM_4_5.tif
data/contest/train_rgbs/RGB_4_6.tif,data/contest/train_heights/DSM_4_6.tif
data/contest/train_rgbs/RGB_4_7.tif,data/contest/train_heights/DSM_4_7.tif
data/contest/train_rgbs/RGB_4_8.tif,data/contest/train_heights/DSM_4_8.tif
data/contest/train_rgbs/RGB_4_9.tif,data/contest/train_heights/DSM_4_9.tif
data/contest/train_rgbs/RGB_50_0.tif,data/contest/train_heights/DSM_50_0.tif
data/contest/train_rgbs/RGB_50_1.tif,data/contest/train_heights/DSM_50_1.tif
data/contest/train_rgbs/RGB_50_10.tif,data/contest/train_heights/DSM_50_10.tif
data/contest/train_rgbs/RGB_50_11.tif,data/contest/train_heights/DSM_50_11.tif
data/contest/train_rgbs/RGB_50_12.tif,data/contest/train_heights/DSM_50_12.tif
data/contest/train_rgbs/RGB_50_13.tif,data/contest/train_heights/DSM_50_13.tif
data/contest/train_rgbs/RGB_50_15.tif,data/contest/train_heights/DSM_50_15.tif
data/contest/train_rgbs/RGB_50_18.tif,data/contest/train_heights/DSM_50_18.tif
data/contest/train_rgbs/RGB_50_19.tif,data/contest/train_heights/DSM_50_19.tif
data/contest/train_rgbs/RGB_50_2.tif,data/contest/train_heights/DSM_50_2.tif
data/contest/train_rgbs/RGB_50_3.tif,data/contest/train_heights/DSM_50_3.tif
data/contest/train_rgbs/RGB_50_4.tif,data/contest/train_heights/DSM_50_4.tif
data/contest/train_rgbs/RGB_50_6.tif,data/contest/train_heights/DSM_50_6.tif
data/contest/train_rgbs/RGB_51_0.tif,data/contest/train_heights/DSM_51_0.tif
data/contest/train_rgbs/RGB_51_11.tif,data/contest/train_heights/DSM_51_11.tif
data/contest/train_rgbs/RGB_51_13.tif,data/contest/train_heights/DSM_51_13.tif
data/contest/train_rgbs/RGB_51_14.tif,data/contest/train_heights/DSM_51_14.tif
data/contest/train_rgbs/RGB_51_15.tif,data/contest/train_heights/DSM_51_15.tif
data/contest/train_rgbs/RGB_51_16.tif,data/contest/train_heights/DSM_51_16.tif
data/contest/train_rgbs/RGB_51_18.tif,data/contest/train_heights/DSM_51_18.tif
data/contest/train_rgbs/RGB_51_19.tif,data/contest/train_heights/DSM_51_19.tif
data/contest/train_rgbs/RGB_51_2.tif,data/contest/train_heights/DSM_51_2.tif
data/contest/train_rgbs/RGB_51_3.tif,data/contest/train_heights/DSM_51_3.tif
data/contest/train_rgbs/RGB_51_4.tif,data/contest/train_heights/DSM_51_4.tif
data/contest/train_rgbs/RGB_51_5.tif,data/contest/train_heights/DSM_51_5.tif
data/contest/train_rgbs/RGB_51_6.tif,data/contest/train_heights/DSM_51_6.tif
data/contest/train_rgbs/RGB_51_7.tif,data/contest/train_heights/DSM_51_7.tif
data/contest/train_rgbs/RGB_51_8.tif,data/contest/train_heights/DSM_51_8.tif
data/contest/train_rgbs/RGB_51_9.tif,data/contest/train_heights/DSM_51_9.tif
data/contest/train_rgbs/RGB_52_0.tif,data/contest/train_heights/DSM_52_0.tif
data/contest/train_rgbs/RGB_52_1.tif,data/contest/train_heights/DSM_52_1.tif
data/contest/train_rgbs/RGB_52_10.tif,data/contest/train_heights/DSM_52_10.tif
data/contest/train_rgbs/RGB_52_11.tif,data/contest/train_heights/DSM_52_11.tif
data/contest/train_rgbs/RGB_52_12.tif,data/contest/train_heights/DSM_52_12.tif
data/contest/train_rgbs/RGB_52_13.tif,data/contest/train_heights/DSM_52_13.tif
data/contest/train_rgbs/RGB_52_14.tif,data/contest/train_heights/DSM_52_14.tif
data/contest/train_rgbs/RGB_52_15.tif,data/contest/train_heights/DSM_52_15.tif
data/contest/train_rgbs/RGB_52_16.tif,data/contest/train_heights/DSM_52_16.tif
data/contest/train_rgbs/RGB_52_17.tif,data/contest/train_heights/DSM_52_17.tif
data/contest/train_rgbs/RGB_52_18.tif,data/contest/train_heights/DSM_52_18.tif
data/contest/train_rgbs/RGB_52_19.tif,data/contest/train_heights/DSM_52_19.tif
data/contest/train_rgbs/RGB_52_3.tif,data/contest/train_heights/DSM_52_3.tif
data/contest/train_rgbs/RGB_52_4.tif,data/contest/train_heights/DSM_52_4.tif
data/contest/train_rgbs/RGB_52_5.tif,data/contest/train_heights/DSM_52_5.tif
data/contest/train_rgbs/RGB_52_7.tif,data/contest/train_heights/DSM_52_7.tif
data/contest/train_rgbs/RGB_52_8.tif,data/contest/train_heights/DSM_52_8.tif
data/contest/train_rgbs/RGB_53_0.tif,data/contest/train_heights/DSM_53_0.tif
data/contest/train_rgbs/RGB_53_10.tif,data/contest/train_heights/DSM_53_10.tif
data/contest/train_rgbs/RGB_53_11.tif,data/contest/train_heights/DSM_53_11.tif
data/contest/train_rgbs/RGB_53_12.tif,data/contest/train_heights/DSM_53_12.tif
data/contest/train_rgbs/RGB_53_13.tif,data/contest/train_heights/DSM_53_13.tif
data/contest/train_rgbs/RGB_53_14.tif,data/contest/train_heights/DSM_53_14.tif
data/contest/train_rgbs/RGB_53_18.tif,data/contest/train_heights/DSM_53_18.tif
data/contest/train_rgbs/RGB_53_2.tif,data/contest/train_heights/DSM_53_2.tif
data/contest/train_rgbs/RGB_53_3.tif,data/contest/train_heights/DSM_53_3.tif
data/contest/train_rgbs/RGB_53_4.tif,data/contest/train_heights/DSM_53_4.tif
data/contest/train_rgbs/RGB_53_5.tif,data/contest/train_heights/DSM_53_5.tif
data/contest/train_rgbs/RGB_53_6.tif,data/contest/train_heights/DSM_53_6.tif
data/contest/train_rgbs/RGB_53_7.tif,data/contest/train_heights/DSM_53_7.tif
data/contest/train_rgbs/RGB_53_9.tif,data/contest/train_heights/DSM_53_9.tif
data/contest/train_rgbs/RGB_54_0.tif,data/contest/train_heights/DSM_54_0.tif
data/contest/train_rgbs/RGB_54_1.tif,data/contest/train_heights/DSM_54_1.tif
data/contest/train_rgbs/RGB_54_10.tif,data/contest/train_heights/DSM_54_10.tif
data/contest/train_rgbs/RGB_54_11.tif,data/contest/train_heights/DSM_54_11.tif
data/contest/train_rgbs/RGB_54_12.tif,data/contest/train_heights/DSM_54_12.tif
data/contest/train_rgbs/RGB_54_14.tif,data/contest/train_heights/DSM_54_14.tif
data/contest/train_rgbs/RGB_54_15.tif,data/contest/train_heights/DSM_54_15.tif
data/contest/train_rgbs/RGB_54_16.tif,data/contest/train_heights/DSM_54_16.tif
data/contest/train_rgbs/RGB_54_17.tif,data/contest/train_heights/DSM_54_17.tif
data/contest/train_rgbs/RGB_54_19.tif,data/contest/train_heights/DSM_54_19.tif
data/contest/train_rgbs/RGB_54_2.tif,data/contest/train_heights/DSM_54_2.tif
data/contest/train_rgbs/RGB_54_4.tif,data/contest/train_heights/DSM_54_4.tif
data/contest/train_rgbs/RGB_54_5.tif,data/contest/train_heights/DSM_54_5.tif
data/contest/train_rgbs/RGB_54_6.tif,data/contest/train_heights/DSM_54_6.tif
data/contest/train_rgbs/RGB_54_7.tif,data/contest/train_heights/DSM_54_7.tif
data/contest/train_rgbs/RGB_54_8.tif,data/contest/train_heights/DSM_54_8.tif
data/contest/train_rgbs/RGB_54_9.tif,data/contest/train_heights/DSM_54_9.tif
data/contest/train_rgbs/RGB_55_0.tif,data/contest/train_heights/DSM_55_0.tif
data/contest/train_rgbs/RGB_55_1.tif,data/contest/train_heights/DSM_55_1.tif
data/contest/train_rgbs/RGB_55_11.tif,data/contest/train_heights/DSM_55_11.tif
data/contest/train_rgbs/RGB_55_12.tif,data/contest/train_heights/DSM_55_12.tif
data/contest/train_rgbs/RGB_55_13.tif,data/contest/train_heights/DSM_55_13.tif
data/contest/train_rgbs/RGB_55_14.tif,data/contest/train_heights/DSM_55_14.tif
data/contest/train_rgbs/RGB_55_15.tif,data/contest/train_heights/DSM_55_15.tif
data/contest/train_rgbs/RGB_55_18.tif,data/contest/train_heights/DSM_55_18.tif
data/contest/train_rgbs/RGB_55_19.tif,data/contest/train_heights/DSM_55_19.tif
data/contest/train_rgbs/RGB_55_2.tif,data/contest/train_heights/DSM_55_2.tif
data/contest/train_rgbs/RGB_55_4.tif,data/contest/train_heights/DSM_55_4.tif
data/contest/train_rgbs/RGB_55_5.tif,data/contest/train_heights/DSM_55_5.tif
data/contest/train_rgbs/RGB_55_6.tif,data/contest/train_heights/DSM_55_6.tif
data/contest/train_rgbs/RGB_55_7.tif,data/contest/train_heights/DSM_55_7.tif
data/contest/train_rgbs/RGB_55_8.tif,data/contest/train_heights/DSM_55_8.tif
data/contest/train_rgbs/RGB_55_9.tif,data/contest/train_heights/DSM_55_9.tif
data/contest/train_rgbs/RGB_56_0.tif,data/contest/train_heights/DSM_56_0.tif
data/contest/train_rgbs/RGB_56_1.tif,data/contest/train_heights/DSM_56_1.tif
data/contest/train_rgbs/RGB_56_10.tif,data/contest/train_heights/DSM_56_10.tif
data/contest/train_rgbs/RGB_56_11.tif,data/contest/train_heights/DSM_56_11.tif
data/contest/train_rgbs/RGB_56_12.tif,data/contest/train_heights/DSM_56_12.tif
data/contest/train_rgbs/RGB_56_13.tif,data/contest/train_heights/DSM_56_13.tif
data/contest/train_rgbs/RGB_56_14.tif,data/contest/train_heights/DSM_56_14.tif
data/contest/train_rgbs/RGB_56_16.tif,data/contest/train_heights/DSM_56_16.tif
data/contest/train_rgbs/RGB_56_19.tif,data/contest/train_heights/DSM_56_19.tif
data/contest/train_rgbs/RGB_56_2.tif,data/contest/train_heights/DSM_56_2.tif
data/contest/train_rgbs/RGB_56_3.tif,data/contest/train_heights/DSM_56_3.tif
data/contest/train_rgbs/RGB_56_4.tif,data/contest/train_heights/DSM_56_4.tif
data/contest/train_rgbs/RGB_56_7.tif,data/contest/train_heights/DSM_56_7.tif
data/contest/train_rgbs/RGB_56_8.tif,data/contest/train_heights/DSM_56_8.tif
data/contest/train_rgbs/RGB_56_9.tif,data/contest/train_heights/DSM_56_9.tif
data/contest/train_rgbs/RGB_57_0.tif,data/contest/train_heights/DSM_57_0.tif
data/contest/train_rgbs/RGB_57_10.tif,data/contest/train_heights/DSM_57_10.tif
data/contest/train_rgbs/RGB_57_11.tif,data/contest/train_heights/DSM_57_11.tif
data/contest/train_rgbs/RGB_57_12.tif,data/contest/train_heights/DSM_57_12.tif
data/contest/train_rgbs/RGB_57_14.tif,data/contest/train_heights/DSM_57_14.tif
data/contest/train_rgbs/RGB_57_15.tif,data/contest/train_heights/DSM_57_15.tif
data/contest/train_rgbs/RGB_57_16.tif,data/contest/train_heights/DSM_57_16.tif
data/contest/train_rgbs/RGB_57_17.tif,data/contest/train_heights/DSM_57_17.tif
data/contest/train_rgbs/RGB_57_19.tif,data/contest/train_heights/DSM_57_19.tif
data/contest/train_rgbs/RGB_57_2.tif,data/contest/train_heights/DSM_57_2.tif
data/contest/train_rgbs/RGB_57_3.tif,data/contest/train_heights/DSM_57_3.tif
data/contest/train_rgbs/RGB_57_4.tif,data/contest/train_heights/DSM_57_4.tif
data/contest/train_rgbs/RGB_57_5.tif,data/contest/train_heights/DSM_57_5.tif
data/contest/train_rgbs/RGB_57_6.tif,data/contest/train_heights/DSM_57_6.tif
data/contest/train_rgbs/RGB_57_7.tif,data/contest/train_heights/DSM_57_7.tif
data/contest/train_rgbs/RGB_57_8.tif,data/contest/train_heights/DSM_57_8.tif
data/contest/train_rgbs/RGB_57_9.tif,data/contest/train_heights/DSM_57_9.tif
data/contest/train_rgbs/RGB_58_0.tif,data/contest/train_heights/DSM_58_0.tif
data/contest/train_rgbs/RGB_58_1.tif,data/contest/train_heights/DSM_58_1.tif
data/contest/train_rgbs/RGB_58_13.tif,data/contest/train_heights/DSM_58_13.tif
data/contest/train_rgbs/RGB_58_14.tif,data/contest/train_heights/DSM_58_14.tif
data/contest/train_rgbs/RGB_58_17.tif,data/contest/train_heights/DSM_58_17.tif
data/contest/train_rgbs/RGB_58_18.tif,data/contest/train_heights/DSM_58_18.tif
data/contest/train_rgbs/RGB_58_19.tif,data/contest/train_heights/DSM_58_19.tif
data/contest/train_rgbs/RGB_58_2.tif,data/contest/train_heights/DSM_58_2.tif
data/contest/train_rgbs/RGB_58_3.tif,data/contest/train_heights/DSM_58_3.tif
data/contest/train_rgbs/RGB_58_4.tif,data/contest/train_heights/DSM_58_4.tif
data/contest/train_rgbs/RGB_58_6.tif,data/contest/train_heights/DSM_58_6.tif
data/contest/train_rgbs/RGB_58_7.tif,data/contest/train_heights/DSM_58_7.tif
data/contest/train_rgbs/RGB_58_8.tif,data/contest/train_heights/DSM_58_8.tif
data/contest/train_rgbs/RGB_58_9.tif,data/contest/train_heights/DSM_58_9.tif
data/contest/train_rgbs/RGB_59_0.tif,data/contest/train_heights/DSM_59_0.tif
data/contest/train_rgbs/RGB_59_10.tif,data/contest/train_heights/DSM_59_10.tif
data/contest/train_rgbs/RGB_59_11.tif,data/contest/train_heights/DSM_59_11.tif
data/contest/train_rgbs/RGB_59_12.tif,data/contest/train_heights/DSM_59_12.tif
data/contest/train_rgbs/RGB_59_13.tif,data/contest/train_heights/DSM_59_13.tif
data/contest/train_rgbs/RGB_59_14.tif,data/contest/train_heights/DSM_59_14.tif
data/contest/train_rgbs/RGB_59_16.tif,data/contest/train_heights/DSM_59_16.tif
data/contest/train_rgbs/RGB_59_17.tif,data/contest/train_heights/DSM_59_17.tif
data/contest/train_rgbs/RGB_59_18.tif,data/contest/train_heights/DSM_59_18.tif
data/contest/train_rgbs/RGB_59_19.tif,data/contest/train_heights/DSM_59_19.tif
data/contest/train_rgbs/RGB_59_2.tif,data/contest/train_heights/DSM_59_2.tif
data/contest/train_rgbs/RGB_59_4.tif,data/contest/train_heights/DSM_59_4.tif
data/contest/train_rgbs/RGB_59_5.tif,data/contest/train_heights/DSM_59_5.tif
data/contest/train_rgbs/RGB_59_6.tif,data/contest/train_heights/DSM_59_6.tif
data/contest/train_rgbs/RGB_59_7.tif,data/contest/train_heights/DSM_59_7.tif
data/contest/train_rgbs/RGB_59_8.tif,data/contest/train_heights/DSM_59_8.tif
data/contest/train_rgbs/RGB_5_0.tif,data/contest/train_heights/DSM_5_0.tif
data/contest/train_rgbs/RGB_5_1.tif,data/contest/train_heights/DSM_5_1.tif
data/contest/train_rgbs/RGB_5_10.tif,data/contest/train_heights/DSM_5_10.tif
data/contest/train_rgbs/RGB_5_13.tif,data/contest/train_heights/DSM_5_13.tif
data/contest/train_rgbs/RGB_5_14.tif,data/contest/train_heights/DSM_5_14.tif
data/contest/train_rgbs/RGB_5_15.tif,data/contest/train_heights/DSM_5_15.tif
data/contest/train_rgbs/RGB_5_16.tif,data/contest/train_heights/DSM_5_16.tif
data/contest/train_rgbs/RGB_5_17.tif,data/contest/train_heights/DSM_5_17.tif
data/contest/train_rgbs/RGB_5_18.tif,data/contest/train_heights/DSM_5_18.tif
data/contest/train_rgbs/RGB_5_19.tif,data/contest/train_heights/DSM_5_19.tif
data/contest/train_rgbs/RGB_5_2.tif,data/contest/train_heights/DSM_5_2.tif
data/contest/train_rgbs/RGB_5_3.tif,data/contest/train_heights/DSM_5_3.tif
data/contest/train_rgbs/RGB_5_4.tif,data/contest/train_heights/DSM_5_4.tif
data/contest/train_rgbs/RGB_5_5.tif,data/contest/train_heights/DSM_5_5.tif
data/contest/train_rgbs/RGB_5_6.tif,data/contest/train_heights/DSM_5_6.tif
data/contest/train_rgbs/RGB_5_7.tif,data/contest/train_heights/DSM_5_7.tif
data/contest/train_rgbs/RGB_5_8.tif,data/contest/train_heights/DSM_5_8.tif
data/contest/train_rgbs/RGB_5_9.tif,data/contest/train_heights/DSM_5_9.tif
data/contest/train_rgbs/RGB_60_0.tif,data/contest/train_heights/DSM_60_0.tif
data/contest/train_rgbs/RGB_60_10.tif,data/contest/train_heights/DSM_60_10.tif
data/contest/train_rgbs/RGB_60_11.tif,data/contest/train_heights/DSM_60_11.tif
data/contest/train_rgbs/RGB_60_12.tif,data/contest/train_heights/DSM_60_12.tif
data/contest/train_rgbs/RGB_60_13.tif,data/contest/train_heights/DSM_60_13.tif
data/contest/train_rgbs/RGB_60_14.tif,data/contest/train_heights/DSM_60_14.tif
data/contest/train_rgbs/RGB_60_15.tif,data/contest/train_heights/DSM_60_15.tif
data/contest/train_rgbs/RGB_60_17.tif,data/contest/train_heights/DSM_60_17.tif
data/contest/train_rgbs/RGB_60_2.tif,data/contest/train_heights/DSM_60_2.tif
data/contest/train_rgbs/RGB_60_3.tif,data/contest/train_heights/DSM_60_3.tif
data/contest/train_rgbs/RGB_60_4.tif,data/contest/train_heights/DSM_60_4.tif
data/contest/train_rgbs/RGB_60_5.tif,data/contest/train_heights/DSM_60_5.tif
data/contest/train_rgbs/RGB_60_6.tif,data/contest/train_heights/DSM_60_6.tif
data/contest/train_rgbs/RGB_60_7.tif,data/contest/train_heights/DSM_60_7.tif
data/contest/train_rgbs/RGB_60_8.tif,data/contest/train_heights/DSM_60_8.tif
data/contest/train_rgbs/RGB_61_0.tif,data/contest/train_heights/DSM_61_0.tif
data/contest/train_rgbs/RGB_61_10.tif,data/contest/train_heights/DSM_61_10.tif
data/contest/train_rgbs/RGB_61_11.tif,data/contest/train_heights/DSM_61_11.tif
data/contest/train_rgbs/RGB_61_14.tif,data/contest/train_heights/DSM_61_14.tif
data/contest/train_rgbs/RGB_61_15.tif,data/contest/train_heights/DSM_61_15.tif
data/contest/train_rgbs/RGB_61_16.tif,data/contest/train_heights/DSM_61_16.tif
data/contest/train_rgbs/RGB_61_17.tif,data/contest/train_heights/DSM_61_17.tif
data/contest/train_rgbs/RGB_61_18.tif,data/contest/train_heights/DSM_61_18.tif
data/contest/train_rgbs/RGB_61_19.tif,data/contest/train_heights/DSM_61_19.tif
data/contest/train_rgbs/RGB_61_2.tif,data/contest/train_heights/DSM_61_2.tif
data/contest/train_rgbs/RGB_61_3.tif,data/contest/train_heights/DSM_61_3.tif
data/contest/train_rgbs/RGB_61_4.tif,data/contest/train_heights/DSM_61_4.tif
data/contest/train_rgbs/RGB_61_5.tif,data/contest/train_heights/DSM_61_5.tif
data/contest/train_rgbs/RGB_61_6.tif,data/contest/train_heights/DSM_61_6.tif
data/contest/train_rgbs/RGB_61_7.tif,data/contest/train_heights/DSM_61_7.tif
data/contest/train_rgbs/RGB_61_8.tif,data/contest/train_heights/DSM_61_8.tif
data/contest/train_rgbs/RGB_61_9.tif,data/contest/train_heights/DSM_61_9.tif
data/contest/train_rgbs/RGB_62_0.tif,data/contest/train_heights/DSM_62_0.tif
data/contest/train_rgbs/RGB_62_1.tif,data/contest/train_heights/DSM_62_1.tif
data/contest/train_rgbs/RGB_62_10.tif,data/contest/train_heights/DSM_62_10.tif
data/contest/train_rgbs/RGB_62_11.tif,data/contest/train_heights/DSM_62_11.tif
data/contest/train_rgbs/RGB_62_12.tif,data/contest/train_heights/DSM_62_12.tif
data/contest/train_rgbs/RGB_62_13.tif,data/contest/train_heights/DSM_62_13.tif
data/contest/train_rgbs/RGB_62_14.tif,data/contest/train_heights/DSM_62_14.tif
data/contest/train_rgbs/RGB_62_15.tif,data/contest/train_heights/DSM_62_15.tif
data/contest/train_rgbs/RGB_62_16.tif,data/contest/train_heights/DSM_62_16.tif
data/contest/train_rgbs/RGB_62_17.tif,data/contest/train_heights/DSM_62_17.tif
data/contest/train_rgbs/RGB_62_18.tif,data/contest/train_heights/DSM_62_18.tif
data/contest/train_rgbs/RGB_62_19.tif,data/contest/train_heights/DSM_62_19.tif
data/contest/train_rgbs/RGB_62_3.tif,data/contest/train_heights/DSM_62_3.tif
data/contest/train_rgbs/RGB_62_4.tif,data/contest/train_heights/DSM_62_4.tif
data/contest/train_rgbs/RGB_62_5.tif,data/contest/train_heights/DSM_62_5.tif
data/contest/train_rgbs/RGB_62_6.tif,data/contest/train_heights/DSM_62_6.tif
data/contest/train_rgbs/RGB_62_8.tif,data/contest/train_heights/DSM_62_8.tif
data/contest/train_rgbs/RGB_62_9.tif,data/contest/train_heights/DSM_62_9.tif
data/contest/train_rgbs/RGB_63_10.tif,data/contest/train_heights/DSM_63_10.tif
data/contest/train_rgbs/RGB_63_11.tif,data/contest/train_heights/DSM_63_11.tif
data/contest/train_rgbs/RGB_63_12.tif,data/contest/train_heights/DSM_63_12.tif
data/contest/train_rgbs/RGB_63_13.tif,data/contest/train_heights/DSM_63_13.tif
data/contest/train_rgbs/RGB_63_14.tif,data/contest/train_heights/DSM_63_14.tif
data/contest/train_rgbs/RGB_63_18.tif,data/contest/train_heights/DSM_63_18.tif
data/contest/train_rgbs/RGB_63_19.tif,data/contest/train_heights/DSM_63_19.tif
data/contest/train_rgbs/RGB_63_4.tif,data/contest/train_heights/DSM_63_4.tif
data/contest/train_rgbs/RGB_63_5.tif,data/contest/train_heights/DSM_63_5.tif
data/contest/train_rgbs/RGB_63_6.tif,data/contest/train_heights/DSM_63_6.tif
data/contest/train_rgbs/RGB_63_7.tif,data/contest/train_heights/DSM_63_7.tif
data/contest/train_rgbs/RGB_63_8.tif,data/contest/train_heights/DSM_63_8.tif
data/contest/train_rgbs/RGB_63_9.tif,data/contest/train_heights/DSM_63_9.tif
data/contest/train_rgbs/RGB_64_0.tif,data/contest/train_heights/DSM_64_0.tif
data/contest/train_rgbs/RGB_64_1.tif,data/contest/train_heights/DSM_64_1.tif
data/contest/train_rgbs/RGB_64_10.tif,data/contest/train_heights/DSM_64_10.tif
data/contest/train_rgbs/RGB_64_11.tif,data/contest/train_heights/DSM_64_11.tif
data/contest/train_rgbs/RGB_64_12.tif,data/contest/train_heights/DSM_64_12.tif
data/contest/train_rgbs/RGB_64_13.tif,data/contest/train_heights/DSM_64_13.tif
data/contest/train_rgbs/RGB_64_14.tif,data/contest/train_heights/DSM_64_14.tif
data/contest/train_rgbs/RGB_64_15.tif,data/contest/train_heights/DSM_64_15.tif
data/contest/train_rgbs/RGB_64_17.tif,data/contest/train_heights/DSM_64_17.tif
data/contest/train_rgbs/RGB_64_18.tif,data/contest/train_heights/DSM_64_18.tif
data/contest/train_rgbs/RGB_64_19.tif,data/contest/train_heights/DSM_64_19.tif
data/contest/train_rgbs/RGB_64_2.tif,data/contest/train_heights/DSM_64_2.tif
data/contest/train_rgbs/RGB_64_3.tif,data/contest/train_heights/DSM_64_3.tif
data/contest/train_rgbs/RGB_64_6.tif,data/contest/train_heights/DSM_64_6.tif
data/contest/train_rgbs/RGB_64_7.tif,data/contest/train_heights/DSM_64_7.tif
data/contest/train_rgbs/RGB_64_8.tif,data/contest/train_heights/DSM_64_8.tif
data/contest/train_rgbs/RGB_64_9.tif,data/contest/train_heights/DSM_64_9.tif
data/contest/train_rgbs/RGB_65_0.tif,data/contest/train_heights/DSM_65_0.tif
data/contest/train_rgbs/RGB_65_1.tif,data/contest/train_heights/DSM_65_1.tif
data/contest/train_rgbs/RGB_65_10.tif,data/contest/train_heights/DSM_65_10.tif
data/contest/train_rgbs/RGB_65_11.tif,data/contest/train_heights/DSM_65_11.tif
data/contest/train_rgbs/RGB_65_12.tif,data/contest/train_heights/DSM_65_12.tif
data/contest/train_rgbs/RGB_65_13.tif,data/contest/train_heights/DSM_65_13.tif
data/contest/train_rgbs/RGB_65_14.tif,data/contest/train_heights/DSM_65_14.tif
data/contest/train_rgbs/RGB_65_15.tif,data/contest/train_heights/DSM_65_15.tif
data/contest/train_rgbs/RGB_65_16.tif,data/contest/train_heights/DSM_65_16.tif
data/contest/train_rgbs/RGB_65_17.tif,data/contest/train_heights/DSM_65_17.tif
data/contest/train_rgbs/RGB_65_18.tif,data/contest/train_heights/DSM_65_18.tif
data/contest/train_rgbs/RGB_65_19.tif,data/contest/train_heights/DSM_65_19.tif
data/contest/train_rgbs/RGB_65_2.tif,data/contest/train_heights/DSM_65_2.tif
data/contest/train_rgbs/RGB_65_3.tif,data/contest/train_heights/DSM_65_3.tif
data/contest/train_rgbs/RGB_65_4.tif,data/contest/train_heights/DSM_65_4.tif
data/contest/train_rgbs/RGB_65_5.tif,data/contest/train_heights/DSM_65_5.tif
data/contest/train_rgbs/RGB_65_6.tif,data/contest/train_heights/DSM_65_6.tif
data/contest/train_rgbs/RGB_65_7.tif,data/contest/train_heights/DSM_65_7.tif
data/contest/train_rgbs/RGB_65_8.tif,data/contest/train_heights/DSM_65_8.tif
data/contest/train_rgbs/RGB_65_9.tif,data/contest/train_heights/DSM_65_9.tif
data/contest/train_rgbs/RGB_66_0.tif,data/contest/train_heights/DSM_66_0.tif
data/contest/train_rgbs/RGB_66_1.tif,data/contest/train_heights/DSM_66_1.tif
data/contest/train_rgbs/RGB_66_10.tif,data/contest/train_heights/DSM_66_10.tif
data/contest/train_rgbs/RGB_66_11.tif,data/contest/train_heights/DSM_66_11.tif
data/contest/train_rgbs/RGB_66_13.tif,data/contest/train_heights/DSM_66_13.tif
data/contest/train_rgbs/RGB_66_14.tif,data/contest/train_heights/DSM_66_14.tif
data/contest/train_rgbs/RGB_66_15.tif,data/contest/train_heights/DSM_66_15.tif
data/contest/train_rgbs/RGB_66_16.tif,data/contest/train_heights/DSM_66_16.tif
data/contest/train_rgbs/RGB_66_17.tif,data/contest/train_heights/DSM_66_17.tif
data/contest/train_rgbs/RGB_66_18.tif,data/contest/train_heights/DSM_66_18.tif
data/contest/train_rgbs/RGB_66_19.tif,data/contest/train_heights/DSM_66_19.tif
data/contest/train_rgbs/RGB_66_2.tif,data/contest/train_heights/DSM_66_2.tif
data/contest/train_rgbs/RGB_66_3.tif,data/contest/train_heights/DSM_66_3.tif
data/contest/train_rgbs/RGB_66_5.tif,data/contest/train_heights/DSM_66_5.tif
data/contest/train_rgbs/RGB_66_7.tif,data/contest/train_heights/DSM_66_7.tif
data/contest/train_rgbs/RGB_66_8.tif,data/contest/train_heights/DSM_66_8.tif
data/contest/train_rgbs/RGB_6_1.tif,data/contest/train_heights/DSM_6_1.tif
data/contest/train_rgbs/RGB_6_10.tif,data/contest/train_heights/DSM_6_10.tif
data/contest/train_rgbs/RGB_6_11.tif,data/contest/train_heights/DSM_6_11.tif
data/contest/train_rgbs/RGB_6_13.tif,data/contest/train_heights/DSM_6_13.tif
data/contest/train_rgbs/RGB_6_14.tif,data/contest/train_heights/DSM_6_14.tif
data/contest/train_rgbs/RGB_6_17.tif,data/contest/train_heights/DSM_6_17.tif
data/contest/train_rgbs/RGB_6_18.tif,data/contest/train_heights/DSM_6_18.tif
data/contest/train_rgbs/RGB_6_19.tif,data/contest/train_heights/DSM_6_19.tif
data/contest/train_rgbs/RGB_6_2.tif,data/contest/train_heights/DSM_6_2.tif
data/contest/train_rgbs/RGB_6_3.tif,data/contest/train_heights/DSM_6_3.tif
data/contest/train_rgbs/RGB_6_4.tif,data/contest/train_heights/DSM_6_4.tif
data/contest/train_rgbs/RGB_6_5.tif,data/contest/train_heights/DSM_6_5.tif
data/contest/train_rgbs/RGB_6_6.tif,data/contest/train_heights/DSM_6_6.tif
data/contest/train_rgbs/RGB_6_7.tif,data/contest/train_heights/DSM_6_7.tif
data/contest/train_rgbs/RGB_6_8.tif,data/contest/train_heights/DSM_6_8.tif
data/contest/train_rgbs/RGB_6_9.tif,data/contest/train_heights/DSM_6_9.tif
data/contest/train_rgbs/RGB_7_0.tif,data/contest/train_heights/DSM_7_0.tif
data/contest/train_rgbs/RGB_7_1.tif,data/contest/train_heights/DSM_7_1.tif
data/contest/train_rgbs/RGB_7_10.tif,data/contest/train_heights/DSM_7_10.tif
data/contest/train_rgbs/RGB_7_11.tif,data/contest/train_heights/DSM_7_11.tif
data/contest/train_rgbs/RGB_7_12.tif,data/contest/train_heights/DSM_7_12.tif
data/contest/train_rgbs/RGB_7_13.tif,data/contest/train_heights/DSM_7_13.tif
data/contest/train_rgbs/RGB_7_14.tif,data/contest/train_heights/DSM_7_14.tif
data/contest/train_rgbs/RGB_7_15.tif,data/contest/train_heights/DSM_7_15.tif
data/contest/train_rgbs/RGB_7_16.tif,data/contest/train_heights/DSM_7_16.tif
data/contest/train_rgbs/RGB_7_17.tif,data/contest/train_heights/DSM_7_17.tif
data/contest/train_rgbs/RGB_7_18.tif,data/contest/train_heights/DSM_7_18.tif
data/contest/train_rgbs/RGB_7_19.tif,data/contest/train_heights/DSM_7_19.tif
data/contest/train_rgbs/RGB_7_2.tif,data/contest/train_heights/DSM_7_2.tif
data/contest/train_rgbs/RGB_7_4.tif,data/contest/train_heights/DSM_7_4.tif
data/contest/train_rgbs/RGB_7_5.tif,data/contest/train_heights/DSM_7_5.tif
data/contest/train_rgbs/RGB_7_6.tif,data/contest/train_heights/DSM_7_6.tif
data/contest/train_rgbs/RGB_7_7.tif,data/contest/train_heights/DSM_7_7.tif
data/contest/train_rgbs/RGB_7_8.tif,data/contest/train_heights/DSM_7_8.tif
data/contest/train_rgbs/RGB_8_0.tif,data/contest/train_heights/DSM_8_0.tif
data/contest/train_rgbs/RGB_8_1.tif,data/contest/train_heights/DSM_8_1.tif
data/contest/train_rgbs/RGB_8_11.tif,data/contest/train_heights/DSM_8_11.tif
data/contest/train_rgbs/RGB_8_12.tif,data/contest/train_heights/DSM_8_12.tif
data/contest/train_rgbs/RGB_8_13.tif,data/contest/train_heights/DSM_8_13.tif
data/contest/train_rgbs/RGB_8_14.tif,data/contest/train_heights/DSM_8_14.tif
data/contest/train_rgbs/RGB_8_15.tif,data/contest/train_heights/DSM_8_15.tif
data/contest/train_rgbs/RGB_8_17.tif,data/contest/train_heights/DSM_8_17.tif
data/contest/train_rgbs/RGB_8_19.tif,data/contest/train_heights/DSM_8_19.tif
data/contest/train_rgbs/RGB_8_3.tif,data/contest/train_heights/DSM_8_3.tif
data/contest/train_rgbs/RGB_8_5.tif,data/contest/train_heights/DSM_8_5.tif
data/contest/train_rgbs/RGB_8_6.tif,data/contest/train_heights/DSM_8_6.tif
data/contest/train_rgbs/RGB_9_1.tif,data/contest/train_heights/DSM_9_1.tif
data/contest/train_rgbs/RGB_9_10.tif,data/contest/train_heights/DSM_9_10.tif
data/contest/train_rgbs/RGB_9_11.tif,data/contest/train_heights/DSM_9_11.tif
data/contest/train_rgbs/RGB_9_12.tif,data/contest/train_heights/DSM_9_12.tif
data/contest/train_rgbs/RGB_9_13.tif,data/contest/train_heights/DSM_9_13.tif
data/contest/train_rgbs/RGB_9_14.tif,data/contest/train_heights/DSM_9_14.tif
data/contest/train_rgbs/RGB_9_15.tif,data/contest/train_heights/DSM_9_15.tif
data/contest/train_rgbs/RGB_9_16.tif,data/contest/train_heights/DSM_9_16.tif
data/contest/train_rgbs/RGB_9_17.tif,data/contest/train_heights/DSM_9_17.tif
data/contest/train_rgbs/RGB_9_18.tif,data/contest/train_heights/DSM_9_18.tif
data/contest/train_rgbs/RGB_9_19.tif,data/contest/train_heights/DSM_9_19.tif
data/contest/train_rgbs/RGB_9_2.tif,data/contest/train_heights/DSM_9_2.tif
data/contest/train_rgbs/RGB_9_4.tif,data/contest/train_heights/DSM_9_4.tif
data/contest/train_rgbs/RGB_9_5.tif,data/contest/train_heights/DSM_9_5.tif
data/contest/train_rgbs/RGB_9_6.tif,data/contest/train_heights/DSM_9_6.tif
data/contest/train_rgbs/RGB_9_7.tif,data/contest/train_heights/DSM_9_7.tif
data/contest/train_rgbs/RGB_9_8.tif,data/contest/train_heights/DSM_9_8.tif
data/contest/train_rgbs/RGB_9_9.tif,data/contest/train_heights/DSM_9_9.tif
